-- phpMyAdmin SQL Dump
-- version 4.8.3
-- https://www.phpmyadmin.net/
--
-- Máy chủ: 127.0.0.1
-- Thời gian đã tạo: Th12 18, 2018 lúc 03:55 AM
-- Phiên bản máy phục vụ: 10.1.36-MariaDB
-- Phiên bản PHP: 7.0.32

SET SQL_MODE = "NO_AUTO_VALUE_ON_ZERO";
SET AUTOCOMMIT = 0;
START TRANSACTION;
SET time_zone = "+00:00";


/*!40101 SET @OLD_CHARACTER_SET_CLIENT=@@CHARACTER_SET_CLIENT */;
/*!40101 SET @OLD_CHARACTER_SET_RESULTS=@@CHARACTER_SET_RESULTS */;
/*!40101 SET @OLD_COLLATION_CONNECTION=@@COLLATION_CONNECTION */;
/*!40101 SET NAMES utf8mb4 */;

--
-- Cơ sở dữ liệu: `web1_hcmus`
--

-- --------------------------------------------------------

--
-- Cấu trúc bảng cho bảng `comments`
--

CREATE TABLE `comments` (
  `id` int(11) UNSIGNED NOT NULL,
  `id_status` int(11) DEFAULT NULL,
  `id_user_comment` int(11) DEFAULT NULL,
  `content` text CHARACTER SET utf8,
  `created` datetime DEFAULT NULL
) ENGINE=InnoDB DEFAULT CHARSET=latin1;

--
-- Đang đổ dữ liệu cho bảng `comments`
--

INSERT INTO `comments` (`id`, `id_status`, `id_user_comment`, `content`, `created`) VALUES
(7, 43, 8, '1', '2018-12-14 22:39:09'),
(8, 43, 8, 'quá', '2018-12-14 22:39:25'),
(9, 43, 8, 'ahih i đồ ngốc', '2018-12-14 22:42:37'),
(10, 45, 8, 'Hãy trả lời tôi tại sao em chạy được', '2018-12-14 23:35:14'),
(11, 46, 8, 'Test button comment', '2018-12-14 23:43:23'),
(12, 47, 14, 'cc', '2018-12-18 00:36:29');

-- --------------------------------------------------------

--
-- Cấu trúc bảng cho bảng `forgot_password`
--

CREATE TABLE `forgot_password` (
  `id` int(11) NOT NULL,
  `username` varchar(50) DEFAULT NULL,
  `token` varchar(50) DEFAULT NULL,
  `experied` datetime DEFAULT NULL
) ENGINE=InnoDB DEFAULT CHARSET=utf8;

--
-- Đang đổ dữ liệu cho bảng `forgot_password`
--

INSERT INTO `forgot_password` (`id`, `username`, `token`, `experied`) VALUES
(1, 'anhvietcr@gmail.com', 'g8WCHAGRMH3M7YQcui5EDkYAZ', '2018-11-07 16:07:24'),
(2, 'anhvietcr20@gmail.com', 'h8IGrhnbK9RHXWoZvWGBosk9C', '2018-11-08 11:49:51');

-- --------------------------------------------------------

--
-- Cấu trúc bảng cho bảng `register`
--

CREATE TABLE `register` (
  `id` int(11) NOT NULL,
  `username` varchar(100) NOT NULL,
  `password` varchar(200) NOT NULL,
  `token` varchar(200) NOT NULL,
  `used` tinyint(11) NOT NULL
) ENGINE=InnoDB DEFAULT CHARSET=utf8;

-- --------------------------------------------------------

--
-- Cấu trúc bảng cho bảng `status`
--

CREATE TABLE `status` (
  `id` int(11) NOT NULL,
  `id_user` int(11) NOT NULL,
  `content` text NOT NULL,
  `created` datetime DEFAULT NULL,
  `role` text
) ENGINE=InnoDB DEFAULT CHARSET=utf8;

--
-- Đang đổ dữ liệu cho bảng `status`
--

INSERT INTO `status` (`id`, `id_user`, `content`, `created`, `role`) VALUES
(1, 1, 'Status đầu', '2018-10-20 23:26:34', NULL),
(2, 2, 'Tự kỷ viết status nè :>', '2018-10-21 20:09:33', NULL),
(3, 2, 'Final core', '2018-10-21 21:06:19', NULL),
(4, 2, 'Final1 core', '2018-10-21 21:06:28', NULL),
(7, 1, 'long long long long long long long long long long long long long long long long long long long long long long long long long long long long long long long long long long long long long long long long long long long long long long long long long long long long long long long long long long long long long long long long long long long long long long long long long long long long long long long long long long long long ', '2018-10-23 21:36:28', NULL),
(30, 1, 'done avatar', '2018-10-24 00:02:55', NULL),
(31, 2, 'tui việt nè', '2018-10-24 10:20:03', NULL),
(32, 3, 'status dân IT', '2018-10-24 12:56:04', NULL),
(33, 6, 'tui nè', '2018-10-24 21:18:54', NULL),
(34, 1, 'chasn quasd di ', '2018-10-24 21:20:11', NULL),
(35, 7, 'tui cũng biest viết status', '2018-10-24 21:25:08', NULL),
(36, 7, 'hiih', '2018-10-24 21:25:12', NULL),
(37, 1, 'mưa chán quá', '2018-10-24 21:26:15', NULL),
(38, 8, '1', '2018-12-14 16:50:15', NULL),
(39, 8, '1', '2018-12-14 16:50:16', NULL),
(40, 8, 'wds', '2018-12-14 21:12:56', NULL),
(41, 8, 'fdsf', '2018-12-14 21:13:02', NULL),
(42, 8, 'sfd', '2018-12-14 21:13:09', NULL),
(43, 8, 'rêtgwe', '2018-12-14 22:22:50', NULL),
(44, 8, 'ừesd', '2018-12-14 23:19:36', NULL),
(45, 8, 'ewtsdf', '2018-12-14 23:34:54', NULL),
(46, 8, 'Test role', '2018-12-14 23:40:54', 'Chỉ mình tôi'),
(47, 14, 'tao đây', '2018-12-18 00:35:45', 'Công khai');

-- --------------------------------------------------------

--
-- Cấu trúc bảng cho bảng `users`
--

CREATE TABLE `users` (
  `id` int(11) NOT NULL,
  `username` varchar(50) NOT NULL,
  `password` varchar(255) NOT NULL,
  `realname` varchar(50) DEFAULT NULL,
  `phone` varchar(12) DEFAULT NULL,
  `avatar` longblob,
  `followed` text,
  `follows` text,
  `following` text,
  `created` datetime DEFAULT NULL,
  `last_login` datetime DEFAULT NULL
) ENGINE=InnoDB DEFAULT CHARSET=utf8;

--
-- Đang đổ dữ liệu cho bảng `users`
--

INSERT INTO `users` (`id`, `username`, `password`, `realname`, `phone`, `avatar`, `followed`, `follows`, `following`, `created`, `last_login`) VALUES
(1, 'anhvietcr20@gmail.com', '$2y$10$wUHp4R3UUPN7m/5axdicr.9WC1OQIIx2JN5qECySt0u/mYhmIfsnm', 'admin', '0125698569', 0x6956424f5277304b47676f414141414e53556845556741414152494141414479434159414141434242456f564141414141584e535230494172733463365141414141526e51553142414143786a777638595155414141414a6345685a637741414473514141413745415a557244687341414265625355524256486865375a304a6a697a4a635553487641423143517167376e3857435a4175495a3167394931736b3379637365385261513849644864564c724734762f544d71766e7a7039392b2b2b333358303049495a7235383839504959526f52694952516e516a6b5167687570464968424464534352436947346b456946454e784b4a454b49626955514930593145496f546f52694952516e516a6b5167687570464968424464534352436947346b456946454e784b4a454b4962696551682f76302f2f2f766e4e79485749704538784c2f39363739494a6d494c2b6866536842446471434a354546556c596a57715349515133616769655252564a57496c716b68454569736b504d77466549322f4377456b45764633576973594355554133646f3853713059576f576757796742564a453841684e36644956514b6770375875796a5375566253435162795356705454497965582f2f2f6666662f76516e4c4f732f672f64537850596a716635366b51444a354474494a41764a696350534b684551456b4a4f496a4669636f6d4e6866316d6e3062514b30417848346c6b415455434153304a474a4e497130424368424c576a323255534572374c596d63675551796b5a554349556773764d6166732f414a624d654b636644766b6a4831396c4d793259382b745a6b416b716847496b693245524b787a4a5149775048744f567247344938683771564b4a46723450437345347545566558595645734c48424d61444f59694e6939757637716559533957744452622f502f37726633372b2b67634d474162475638764d576f486b5343576a7863373743636e4a3965643863417a342b32392f2f63766666352f42562b5075464970466b6b7155336743355051684b4a56496968686951424f66704247476b734f747068544a544a684c4a586f34515359686241714e45496a30434161654c493052494a75544c3866497158534b5a5761706154677953456f47414c307245777257726b596d396653364e4d596c6b4c395766326d42683263444b42555253375534734a45534a5243435172307645556a73587464752f4e46633363735848763134672f48746c38497753534f3434484e504b736333456a73504f6933396f4c2b366d5343537877456331736a76676358363257597753434968745a38637763797737694930484d7046513371446f47516d54774e3676746b706b6c6e7843415a6c4b37424a4b42414a617a2f4f614d484c774e746a50713430727269506d4e4252334b5662655a6f732f306e787263314953784b357143455332576b7232695655584d54426e7474304b456a6257556e444d66733547565355337a2b6e7456496e6b78444b307445383155696d5653416f72444c595a354a4a334a4a524661467a32397861776a6966476c796a6a696f65746f306c4a7055636950726c324d554d755669416576465a3654753666456e464e6c53664f344771526a4c6943575847305349544a46557177484c7a437334326970533870304c66634d66462b365268344c416e6a485a61495a4853696746466c4d494f3556694a496870614535567967385269747835714e3757634a32413762372b54456566774379796f5342746c4a4331306a4566764a5163735961704e794e2b78726258394c742b6432716b726559496c49526966506947716b4a6f4168455635706138646942634a392b54755032554e74663070676633747047562f70523733694c4a5a564a434f535a67613561675443596439726b34734a47647350723538304c7841302b3777436e6f645374334d7437674b726c6f30616d327974567777474b494931644978527a7a784b594f446d4a4e4a6169645475737a4a355932442b4d532b596b354656515735736e437543382f763171653250503661597a2f4a6e4a41424279376161476f6d51576f6c672b357039374e7a73594d63364544745075545552353149746b7446427431496f4d79554345614468324473547378565749304b30674d74674e6c4e38674c5757766a31583352464233694b534569675153387363345467316c6377494b44324b704856745935534d695848424f625472314471505969314646516b586469666f5130382f6248436d794155754b79693255524a356c5a4c624e6f726d68446754625252564a474255737669725434785a515a553662346c454c4f6a6a61496c67666c5a564a5279504863634d435a614d796361466c58354c66334c6945754d70666b61792b6d714249417131586179517945723865456a73645346534646636b594654696c46596c4937425874785335736469724e786774455876564c726d4339324b4634615534576f696c342f4756425072553068642f484447665a522f2f576868557136756356717845454e796a4a66493674564c303879764f70306f6b7479512b695655506e705149764551386f7953435a4f4f563150342b41332f376f735156765652584a46596d50694272754b457157535752455034712f6f5679336361453548595857323574566b42427456596a4f795469356245536a4a4d4e3068725a785073306959524a436c367353757959576951535371625778754e68727668334c2b7a2f716e6e333478487638577846556b4a4943446b7859682b62474b453267316e485a525543494530494b3956793550615a4e5134792b2f676944476139755a3632562b756555702b4c6e37734e4b63556d526f70596e2b3174545174496e70714139736c6d345846533237534359324f4f4d4537384c466e446b6e48462b6c6f796c7437786c7652506a4f6549696f5242303571344d306a314266314e4e57357a4536567a6e787458367632534f65453245734a6464496e45426c2f5073354964704b362b654138426a617330667671324370744d4d78494c59384561636b773452383935556e504459362b635037474f593536524d4d423671784c7558337562464571676e747531586e782f5a6965676e53386d6657684f415072692b794e42664a74756b597973536b624a70415762434b6b6b476b306f416632355a796170503759584d4f63694e422f596c79304639353035447247583452584a44544c5a57576e6b73416d374d7645774a3541493568302f325378574b71466d3861394c496d387a524351374b6f67513749645067466f59394434356173467866414c784e662b65547a6f302f4732336d51326644646e3178467979507a6b34426f364432483339652b494e706a776a75666b574236442f6c46456f4d577068496f615330522b66322b43313050597277486b783935782f7269664845477557304f73377879546d4d6b776b6f354f654162644c4a7342574e72307938595145776a47666b48413450385a76685a4b44592f4239353168336a306e4d59307046416e717245724172384f777a6c4a457959554c5a342f6a45367a334853506a63424d333376615366334e365055627a48554a484d7142345167447571456e744f4c7850665175533243776b453762536b67307a34374d543244542f7432454c4e62692f655a6c70464d7072564d6b4543654a6c596f566843535253436965575443397548586a38644f35355157303173337356384d5050445639776d6e4c314e36414642456b746b6773545062514e712b7354674442325878776b4663433652374434376b75356b4f44653138784a614237474761796f53424e574f577879636c2b646d3833416232334c55624376453655775269553232455139644c54746b416d7a695579693441756f714b4d5445696d5247777650717655736d78456f466a554a4a4e5346655a736d747a6569714a4d524f75586978684a6f514c7a4e564a4339584a534b4d71724276737578683638697152444b3541386e6b4f30775869553332553254436675446e697475754c2b46763557706c777533744d5571517450617972434b5a5357396c41706d6b41684876325362532b446e797374596333676b76457147325243537a71354a5a65484677306b513971767a4f682f456461796d575653537a6e6d666b4268676a6431583037376565353274773376684e5950363033774c57584f3642516f69314872447179316256667331383146666e69512f674842436233525a2f32386e453866412b4264673730562b416134433551675669353768454a48622f57726a766c786b526f36325634394a6e4a4c59716d565871326e506b61506c76626b515a6f5856495355546b7764796c57672f4978353663664f4a68713664474a694873684a5a574f46386e5645316f37747277676d43625161394179484b527a4b704b2f455333796954554a78356256556d596b455438657553716b6441787842776f6a354835743655696d536d5430717467614c745158336a377777435854503549536743594f37615a614533797a4a4348355968626d3947446f79527171684c7359376648337a34424a4a4d2f556c7046594c76634e694a4f54377a4e6c49646c6d306861627a315332416b726c556e7431644c4b354b744373574d764555534a6149426b4d343556416946624b354a5a747a6a41486a736d6b39513555344b784166386c6f6669784b76486e672f6d756d65665641694648334e71514752505163707454416862334b30494a4357535552486a63556366374b7273455172614c784364343632543054434b724430716e68706851624f4c6469682f48534947496365775543446d6949756d5253573562534b4b6b4b716c395675494a4a646d74516c6b6c454a3544636d6f4473582b43524d4252747a613163424a506b516c6730746e6b59474c61354477523330632f446e454f707769454947714f6952522f6135464b374e5245556859346e6a30476b36546d50434e49435752336f6f623674714a50504f2b496336586d393062736e474273666f354f6b77673471694970766355706e556776694a4b715a41594942445950416f567442665a382f707978506f37476e6a66574678486d52496b41724e3738794b6b6b56544755544352464555734b427130397a2b79714a455a704172556b654d6d7856346a446b2b7458625a39656b3541645038624776302b56434c6a7147556d4e524c794d4c467959315a564a435053464c51554371726146734f664c6e584d47374a6676682b314c724f2f69584c426936364f70674a51495575537145634a67506145714b61456c75584a7a73426f726b52536c3234455870654f6c69723950726b62417352584a3747714269325850632f4a696f622b313753527145703539787a347669754a467276373431314e616a524275643849747a6c656f585273416d554479766f6c7a4f466f6b4f784a634154716531716f694a3530767264584a743933672b49716b5643613131596a486e6b63794751636c30726f7533412f72732b50434973713434745a6d6467445a5942586a38424c427a356271704656437233467956664c554d354965764578556c59796e3952594853505a6e633431495567484539337176584a4c4a4f48707661554a494a762b6f536b3673544b3671534759466b4951786c705245384a6f716b334a363532735631392f613946596a2b4549616a6b475a2b4543565a4f715955596c34766961544737684f4a437543527a4a7059345645784a6c63575a457777666d7a39657630774e3576576d486f716c634f424c4b362f4a61737a754c36577876512b2f434a747a63654b784e564a57464b42594c746c507a7667696934656e564842436554675a574e4656507176612f6a4a594b3169416e44766837627067586668786677632b506e612f64464c5854527655346b766e6f59455a414d787067736375392f4563344a35742f2b446e7a67412f746136503157654f3658534d30645743475331433039383843435652697a6f6f757749686b646a486143556a4c35736b6873346c6f78415074334b686c43372f64672b2f514371626b446f305443504c493552554b7953494556474c65696b2b4867526f73454d4268356a7068497746646c34684d5738323966732b766867392f2b37642f727866667264767a632b506b3638586e6474522f2f6a677a4545767a35767654774659484d5a4c56584b6a73486d4a2f53684236396471746a345456384e644c4345352f617a43416c436b3738367a4b7841756c46796634323134674556384b5a31556a4a4d653032723876454367527a62797552474a6766376d642f5838474d6d506743694f4f537463326869695242534249786d6277694646754657494677724a615a596d39424d746e4846534a424d4b384b32747148714f69584663714e5542363543754c30716752494a7632454c686f357268444a4b6f6d55426e366f4878544b54544b784363387857566c7754436c43633145366a374d4939556e556b5674337a7a57334e6975447731596c4b5447457274425941435152397350506e516b56672f33696e504c76304868734e516871413277484a3837355454414f61745a617a30676370566454624a6561614c7a4842574769327259616632364f4577322f68795269796233763466464c35314f554d6272693952634b6774646a37345734516951497870326b46692f554e7935434369617862614d6f4f545a6653383274443654574c2b4874586a2f52446d4d674a7852564a4145512b4b556d42726c6b354d385775625330464f69726252364f32306f4576314d6973663143594c74636630617a2b6e7866674c4762796f6e6a52564961744475494a5570717771314d754542736f3243797378483775776569734255487873412b745659693469305144374859526861636d366d2f5341582f6243414a6d2b4368684d493236434e75662b776b657a485978415463316d2b586f6957684b6271536565533237425037484273334b443375696e566b6e3237487a35576476394850534943507a52796832443236496c6b52664c32676a7a344241536337522b6c32746142503746664a504d613254636d7a46447448346e345135326732646f3856535532677a674a394b453330326d716835676f41616f3576706441366a786a33435773677a6f557951645044317346595153443555774c6774715779417042457274554b42507341376c4d7278524a77624a356e426a4f504c6549676874474f464d6c4a56304c3042596d655369346d696430476b3876674475334c3130706b597666487558776a2f753853764554774e3172746363533355555579416372426773536b6b4367472f4d785649315969496277496167684a424d79534349374c6334786b786a46464863654a5a46595139314354414462786256565351733074446b48666175634d66574b2f754b2f2f57346761564a454d6f6b51326f53543172316d5a354b715257717841674a554966672f31627a5368632b546d545a7750566e422b394653774970686259634c46434c3266323864694532726b50506845746365753664394d57767668782f594366683773334a7a77505a49515231556b4a775230442b682f4b476c4c6739324f482f7659566b4e7358787a666e38502b4c55517252346e45422f35706c4569684e7a466a2b334e7553706f48782f5448785861396652304a2b684c7165347261376355386a6e7847636e4b41744152384b78524162634c622f66792b364474613754474653484873773159472f4264686b74733573474c4974524138566d7162336142665831337a327a6e2b55787562544b6451472f413943634a39572b65422b2b4534614b2f514d6864694873654c68487774634a6a3056674a6f46454e70343336337744474b753768474a49444a63514b37417035694b473033676e366e356c61694f592b7252454a4f455570766f696f6878416e674f7951743336713258436b53636c4d6935713679495736744b4559526d692f4a3930797546676c41594c306358462b586966682f5a6e797264525458693453384c705376597466304b2b7437347a696645516d52554e374156324a6130374e35546952456766634f5773767a6556596b674e584a4b59476f35783369565a34576955565874667551654f2f68575a4567434e6b495a49496e3379632f2f52626952703452695257486c51656b59662f52466e3778526b495259687a586938534c77384e2f726841796f56416745797355635336707452586e634b564947467774516561726b393676426773684c684f4a72543777732f5142717639486c473131416e5938694d55355730516f78496c6349354c6570494e4d3249675643684b6251746b6846684648776a32665a7836326a6749536756776b4579484b6b55682b5957397a414a2b6253435a436c484731534771656b355243716544594d343476327444747a646d6f49766d42416b4531596f4e574d6845697a7a5569325a6e4d6b6f6b51616136765345596d75663045783650535772774d59722f6e4f31573674646d457843526534704d693856395173365371457245587966646372684a4a4c4c6e3144454f4976656a574a6f486b4a45515a456b6b4133743449496370345269537a626d39556c5a79466e704f6369537153434b704b68436a6e4f70476f517667325776387a55555753514238464331484755794c5278384243744d4e7674375a387778565a64393354713951444e34696b3949466336622f58796f6e566737373976487968734264434732754d365a582f7672435653636e7a7775647562657869695064345565595930326e6a676a7a59537171554b305779537851536c426a4a6951494a555349555a4d6156696b3874414576424844576c49696677686f562f6e64754558684d7a484a7664682f46387976383678636f45676746506967535579455169755a65545a644954497a6549784d4b38304d652f686679666551384f594c45484a4c6c7458344b335064654b5a455243702f34354153465337424448796646363761304e7943306953384955766c7a3044354e5969666a5877636f6745762f4d797570773156707a54505a384e6f3550764c30427a346b6b4a6f2f536f4b4d345975685a79546e4d464d6d75396231524a4b69556e684a4a54434978576864464d746b50316935554a625a79796c726549684a2f6d33583177315a4f4f716956694c674c4a4a42747653425762424e6c514343685a7a5658567953576c6d426f445568564a484d70585a6561697553577454713149736b39364c31654a4b3042307273676b736b34656f5565343861314f56456b4f596d414a7971536c6f4352535062514d2b387669734f5445776c594a5a4d53675a416e5247497044616259597553433158367149356e6b6b546a714f45456b4e514942364e397a49706d4a2f326a594272706b30682f67587853487030516b59495a4d737339426676726d5164386b456b66736579514b386e396d5244436e3576574c6337704c4a4659694b5748452b4a78494d426c3245526a4975532b69675338482f616a416c546a536c497145394b354c614431613175467a496f6e646e7053494a4154336679304a566f67445342352f4a43515345487664676a566a5a6548584c37594f546449495643796645776d7730756756436268644a714f6b4153534f506c4c435346556d4a4a546b6f4858655938667a5343516646496e456353343263584d79435356357a3379585369505972312f74637976747066477954455a4b41306763632f484a48457a616e32313253534f4552504b4c6c305179576877674a512b4a59797849634d7970546654654f5234746a52415379533947694153736c736b4d6151434a3478787171343856306767686b667a6946704873454165515050595371303532535350454a3055437244524f464d6b736151434a347a354f6b6b59496965534833544b524f45514f4c354f54316b30692b57476c53475a4b41306763596a555379512b6a52414b385447614c4136546b495847493255676b503877517959686a785a413478456c3856695267746b78476969516c44694235694a31494a442f6750336269773678524967477478354934784531385769512b4758654b524f49514e794f524746614b524f49514c2f46706b51436273505a7a2b686b7953636c44346841336f3472454d45736b4953514f38524b6646556b6f6b5874466f747356385656556b5268716e354755694d504b5353495272794b5247484969616130346346784a524c794d52474949695554504f595449382b65666e352f45336e614538424b424f4777545176794454347645517a6c5149434d2b755248694330676b685951714546513062454a3847596d6b41337562593656696d78426634504d69475a5873566971326562477743664553716b676d4535494c576b677561454c6369455469514a49442f346e4e36435433596d487a596d4554346d516b6b677043435934326b7042633047616656346765454932662f304945456858773331614e666679622b6e4b61683865635355776d4b383474684555692b53483062646253373546494d4f4c725343512f784b715031692b6c6e535958494d47495755676b503477575351774a5272794948725975426d4a6979344545393230474545616f686336504a6f5248496a6b454b7867304a484b496c596e747863495736674f612b43345379614867457951764676774d4555707174466c34736243462b6f416d336765727242766858345353644e5a7a4573754963357a34334d55536b386d4f766f6735534351476e3879704242306c6c356d79756c45776b737564534351476d387731535168475642517a5a4f4b3555533541676a6b62696354415250624a466b7277306f51736b634e4b6b63516f48632b75684a5a677a6b59694d64534978464f61694d416637775352684b675a6b77547a62535353434b4f534f70574d586c796e6953544544584942457378614a4a49494d3550614a79504f645a4e4d50482f3736312b6969527443676e6b5069535443696f514f5864317646456d496d2b51434a4a672b4a424c486a756f67564b4738544569674d5353594f354249484c75532b45575a31497a704a726b41436561505343534f6e516b6353715962685a4b53517531345367567a53674b4842504d467555676b4158596c4c354d47353739524b723750732f70624b686567366d5546762f33327630773438415351436b39304141414141456c46546b5375516d4343, 'a:3:{i:0;i:3;i:1;i:2;i:2;i:7;}', 'a:1:{i:0;i:8;}', 'a:4:{i:1;i:4;i:2;i:3;i:3;i:2;i:4;i:7;}', '2018-10-20 11:55:07', '2018-11-07 11:52:50'),
(2, 'anhvietcr', '$2y$10$YmDAFgAGXnN.PnBJ9tEUC.bv8InhxLABfPyNjRaqEmkvCmDlCHASK', 'Vieejt', NULL, NULL, 'a:1:{i:0;i:1;}', 'a:1:{i:0;i:6;}', 'a:1:{i:0;i:1;}', '2018-10-21 20:08:31', '2018-10-24 20:32:08'),
(3, 'danIT', '$2y$10$RLNJoX1DebqNuo6k/BySjuIf6/Nkvfn0WR53UWtDNtUdrQmqiY9oe', NULL, NULL, 0x2f396a2f34414151536b5a4a5267414241514141415141424141442f3277424441415945425159464241594742515948427759494368414b43676b4a4368514f44777751467851594742635546685961485355664768736a48425957494377674979596e4b536f70475238744d43306f4d43556f4b536a2f327742444151634842776f4943684d4b43684d6f476859614b43676f4b43676f4b43676f4b43676f4b43676f4b43676f4b43676f4b43676f4b43676f4b43676f4b43676f4b43676f4b43676f4b43676f4b43676f4b43676f4b436a2f774141524341433041506b444153494141684542417845422f38514148774141415155424151454241514541414141414141414141414543417751464267634943516f4c2f3851417452414141674544417749454177554642415141414146394151494441415152425249684d5545474531466842794a7846444b426b61454949304b78775256533066416b4d324a7967676b4b4668635947526f6c4a69636f4b536f304e5459334f446b3651305246526b644953557054564656575631685a576d4e6b5a575a6e61476c7163335231646e643465587144684957476834694a69704b546c4a57576c35695a6d714b6a704b576d7036697071724b7a744c57327437693575734c44784d584778386a4a79744c54314e585731396a5a32754869342b546c3575666f3665727838765030396662332b506e362f38514148774541417745424151454241514542415141414141414141414543417751464267634943516f4c2f385141745245414167454342415144424163464241514141514a3341414543417845454253457842684a425551646863524d694d6f454946454b526f62484243534d7a55764156596e4c524368596b4e4f456c3852635947526f6d4a7967704b6a55324e7a67354f6b4e4552555a4853456c4b55315256566c64595756706a5a47566d5a326870616e4e3064585a3365486c36676f4f456859614869496d4b6b704f556c5a61586d4a6d616f714f6b7061616e714b6d7173724f3074626133754c6d367773504578636248794d6e4b3074505531646258324e6e613475506b3565626e364f6e7138765030396662332b506e362f396f4144414d42414149524178454150774435616f6f6f6f414b4b4b4b41413961304c5732696c6a6a6b383379354b7a7574656866434c5137627842346f734c4b2f6a3832316b387a7a493636634c533972554d71745832564d345357326b6a5038417a307146546976726e567667313461767257574f31696c735a6638416e72464c357465412b5050436c31345531535378767a464a356b666d7853786638744971317134582f6e305a557356633453696969754536676f6f6f6f414b4b4b4b414369696967416f6f6f6f41536e416e74534265635630756e2b476269555253585837754b57756d6c68616c582b455a564b744f6c2f464f5a69465734725757542f4146555573763841327a72753950304f79693438767a662b6d6c644242705563662b7369342f35355637754634637131663470356c584f61564938776a30532b6c2f355a31622f34526e55762b655a2f372b56365235555555582b717168647979532f3675765166447548703037746e4b73367156547a6166534c36502f57783155654f57492f765935423961375337696c72506c394a663956586a56737370302f345a36644c48334f567a52577464324d63674d6b583775542f6e6c575938546f635078586c31634c556f6e6454712b3047555555567a444369696967416f6f6f6f414b4b4b4b41454665746673362f7744492f57482f4146796c7279555636742b7a762f795553772f3635532f2b69713763442f455a6c6966345a39595638352f744e65582f41473770582f544b3172364d7235752f61622f35474c542f415072782f7744617374656763464c2b4b654630555556345236676c6177736f782f7a31724a72626b387a393146462f726638417272585668665a663876544b6f565a624c2f6e6d542f33377148374e4a57722f41475071307632575157307373567a2f414b72797633745662753176624879767455563146356e2f4144316970653170422b394d2f77437a53663841504f6f764a6b7131356b6b582b74715747352f375a552f5a55782f76436752514469746f474f542f41467363636c5a6c726153584e7a4646446e7a5a4a424848537130765a437056626e725877583844526176464e726d736b783666484a355674482f7a316c72306a555041467a4635307373763732542f414a5a567436645a523266694c5266433971542f4147666f64746d58792f38416c724c586136726452785266397371397a4356716d4632504778587373562b3950454e503051747168696d6a2f77425658534477784635586d7978532f76613662776261785336706479792f36714b7457376c6975526478663838764b2f35612f774462577654713570553972374934615746704f6b65536133706b55582b716938723937575671466a48485932766c532f765a6137767850612b625958666b2f765a597633766c56356a6633786b3062554a5976336b566a4c464c3576384130796c2f6456366e317239306371776c5832706d79785266387461774e5174504c6c2f365a56616c7670522b372f355a53316375592f4d38485233336c2f36752b2b792b5a2f3279727a4d5656705654304b4e4b7053334f59717264526562462f77424e6f71315a6f764d746f704b7a2f774456537853563439576b656c53716d414f4b4b74616a4835567a4b4b71563464576e374b7059394d576969697368685235556c46486d31596962795a502b65636c4a35556c45567a4a48562b485535613270557164556a39345a67487658717637504567692b49326e6954704a484b5038417946584852587476496633305555762f4147797133462f5a70367847502f726c586668634c66384135656e4c567136483270587a562b30312f77416a5a702f2f414634662b315a61786443385258326d7878526166726d71577355662f4c4c7a664e696f3854472f38585855567a71757066615a6f6f2f4b692f646638737137767146582f6c3063767461564b7165566b6e76545258543668345a6c746f705a493559726b5266367a7971356e484a46654869634a5677727455505470566164622b454a442f726131316b695336696b756f354a496f7066337355645a4d58336f2f7257784262777a337355467863513238556b6e2b736b6154793471782f35646d6830304d4e6d3864764a465a656441424c464a2b37697553662b656b762f41437a2f414f32663072574d766b61584d6b456f746253362b30573073666c584d5565664d3959764e696b2f316638416e46594a30665450734563734e784663672f367a374e6678526638416b4b583937565335734c4f324e716b7439634a4c4c48764b522b56636675764c36356a6c342f36356d6b4272616e717356774c627a3736485654477377456a335250377a65664d6b2f77424969367966764a52327a494d2f764b574f434b3530765445454e735a764e546b47326c4139656e6c2b57504d6b2f7742564a574c44706d6d58486c694878444645504d6b6a2f774250747059764c2f36612f75764e71435853635738567846655756774f754935664c6b543933356e2f4c5474554449504b387157614c39372f7261312f685262666276694a3465696c2f356158305838363532772f31557464523848706f376634702b485a5a6639554c334664502f5073792f774366703750385074546c7676466d72583073766d79797931324d4d747a4c4664793356744c46462b36696938332f414a612f383961386c3843584d6c72346e756f706633666c795331362f726c3135747035586d2b563574665656614f744a6e7a496e7734756f35622f4146442f414b5a56636d6974624731387654346f725747583937355555586c667661346e345133502b6c6168464c2f725a5936366256706639466f7130663841616d61557176376f382f38414550694735697559726d316c3871574b582f57317a66697332312f34582f746653342f734d736c7a464471566a482b36696b2f35355331663171786975704a704c572b7462627a4a50336b56314c2f71762b75565a65733273582f43485863576a616e48665178334d6431637865563555766c2f38396132782f73765a4477687a4670464666655646356b56744c462f79316c2f315574614f764a63326e683631735935495a64506975664e3832326c6a6c2f65317963307461396b4a6266776e71456b6e2b71755a496f6f6f7638417072584437582f6c30647970454b2f3867663841376131556e6a387578387a2f414a365356623069534f50796f37722f4149395a4b7a2f45583771356c746f76395646575657722b363971464c2b4a597864542f414e616e30716d61304c2f2f414673565a35727773562f4650586f2f7768614b4b4b356868525252514155555555414a6a4657784c4a2f7979716578307935756a39777046366d7576306e513761326c69383339354c2f30307230384c674b74553563566971564979744b302b39766639564835636638417a307275644f304b4b4b4c39374c4c4c2f774369714c542f414b5a5671773139316863727055715238786938777131694f386a6a6c3079614f4f506e797066335665542b494e49756444753437656639364a596f356f7049756b6b64657730373468614e4666664137537453504e3370467a396c2f774332586d79313433456546702b7a397164575334722f414a64487a2f48556b736e6d79564e46633471583754484c2f72612b55396b665246436b725768697470662b575656622b4b4b4b55787864714b3246396b4371584b6c4646466378715772512b57616d30572f4e68724e72657839595a664d7143307174585437557950612f47492f736a3469586373502f41423633336c5863636e2f58583937585533586961574b312f77424569696c38324b574b587a662b6d7463464a6653654a666837703936592f4d7639442f305357582f706c2f79792f774461745157757366364e2b386b697236764b38565372552f5a565435374630616e745033523048672f572f7743793965696c2f774258442f7a7a723050784e716b63555837722f6c7258686d715866326154375245664d4662612b496265367359764d6b506d78313355716c50327436707931614e52307442757433336d31513850367846706d7153793355586d326b7355735573582f50574b732b37765935502b576b565a55736c63574b78587461703359576c37493170644a3032542f56616e35522f353579785656312b57534b3374624c2f5752526638746638416e7057524c35745739566c3879574b322f774365566346577253396b6436706b734d666d3330556e373379717a37755837566653792f38415057577263313135576c6e39372b396c6c2f31565971755551534472584c6971762f4c6f36615649687535504d6c6c4e52436b6f4665525566744470466f6f6f7249595555555541537857736b6c62576e5773635837332f414673315a6c744e577a61484e6576684b564d346131536f6174704c577244574c61533171513139506861703431553172535872577244574a44307256744a6139366b654e564e43756830372f695a2f43487835706b73586d2f5a66394b2f39712f3841744b7561687270666878463575753672706e2b74693150523559764c2f77436d7465546e394c3275464f724b71763841744a346450613266326553356930307852342f3643636376482f3779714670714668424943326a3273347830755a5a662b656e2f41457a6b6a724c3143316b74627157326d346c696b3871537571757457516e544448714e776a577952482f5272614f4a497869504a482f54546a72394b2f50443755777275346a6536692b79326472626c503366376f79482f7742474771562f2f7249762b7564584e557568645863662b6c58647a46482b36456c782f774138367058503779574b747638416c305a6c54386150787133354d6638417a306a2f414f2f6c474c6173765a476732424d78792f53713359316f2f6159347639564657644a336f716b55395476506862716437706d7133636b50325753306b745a49727237562f71764b725958776c70326f79585839696173392f6452447a667370692b7a53797866394d7638416e70574c593345576d2b44345a5a62614735467a71556f6c696551346b6a696969342f642f7744585773574857626d4c564972364b57587a5970664e692f652b62355664314b72374979715533554f74385165474e4f61366874744a3145786b6e467839706b2f6452782f387370664e2f774365585370523448306d342f35416e694348574a59763962612f5a5a62615879762b6d582f50576f2f464e3744703273367263545738647a61585639356f745a4a4a497633586c2b62462f717a2f414e4e61346864556c4770783373636b766d78792b5a486d547054712f75716f5576345a325069487763746c596936735a6a4e434a414a662b6d516b2f7742564c2f31796c726c356261577869387a2f414a5a5331363350597836764e714d6c2f7163576d61564a6252582f414a666c65624c2f414b562b3938722f414c2b31696e2f6844626239354b392f6666764a4a664b6c6c6969692f77444956643331553566616e6d637376373339315871326d7957506748773561616e4e59327439346c3150393762525855586d785773582f505775623166784c6f736c7162625376443172612b5a2f79312f356131552b494e394a71666949334e7435636b4d6472466a79762b65645a65794e663467613134686c38532b6242716c686157312f49664e696c746f764b72695a4f766c6975776d69696b306531314b4c39333555766c5378566a61546f64317265715357326e7853536e7a502b57645a59716c564e6156517736414458512b4a6644736d695852696c6b3877317a34795478586d314b547075315131705650613630784b4b4b4b794e416f6f6f6f416d7454577061533169525671777931366545716e4c5770334e75306c78577246574c613171326b7466525957716550564e574b7457306c724b744a6174777931394653716e6c31546167504664423443757673766a72525a662b656c7a35582f66324b755a686c713362335832613674626e2f6e6c6378532f2b52616a483076615571694f62432f75717078337843384f2b563439312b78746253357570597233506d526638382f4c387971467a59574d576d322b37534934684a2b3845747a71586c7965582f317a3766367975362f6146736257322b4a6431633366324b5558326d78544a4a6365622f725039582f79792b6c656644554c4b4c53343459354e506a4d66377a79347449696c387a2f74724c2b39723876716e33564c2b475a50696130697462364c374c4659786953507a50384152626e37542b7459647a306a725838537a4336314b5335506b2f76542f77417372614b316a2f373952566d5858656a2f414a646756714b4b4b7a4e516f3832696972456452707475392f34657534307a4c4c59796661764b2f77436d5750336e394b3579757838426d774d642f774364637857756f6638414c744c4c2f716f3632354e396a6469556a77376258586535682f65662b51363958367237576b632f74665a474c34336c467a71737355455a3357317462517a442f7070464549704b3433427273767374744c7a2f4147392b392f317637332f6e72577244464446443573557668324f377a2f78382f76664e2f77432f662b71725372674b74557a2b736a6461383355356450746f704a592f4b73597258796f7639624c4c464655643364324f6d54523238766c584a696a38723744596636722f414c61792f77444c57715975354c57316c6a6975664e387a2f5779323058377a2f76375336686f64395a522b584e46396c4d74743576384172504d6b6c7276396c2f7a364d66384172365179366e4c645a7434685957496b2f77435763555646704c355639464c35586c6676664b75596f717a35596f34376639373557664b726131573238322b696938324b4b5735746f705a5a662b65565a55674c656b32463134683872772f70635837324f3538325757582f4146555665767757756d2f443777373556703555756f532f3874662b57737374633334643854614a3461384f525261563573756f53532f3632574c79764e6c727a2f572f45387570582f3732547a496f2f77447070585453396e532f696e4c563972562f64556a4c3864366e4c66587153792f363253547a613432747a784c484a4a4c356f2f31565a4e6e48484a2f7244697644782f3733456e7159583931534966776f2f43744b5054504d2f7742584a556e396a79566c3951716d6e316d6d5a56464646634a714a36316f576b745a2f725675306b785854534d717074576c61454e5a64724a57686179563946686170343956477a444c577244574c445772444c3172364c43315479367072576b74573544356c744c482f7741745a49367a375872562b477654716e6d624d6d2b4f356c3158775434463853576e37763841306157306c6b48722f6d4b577648704a4e57756249792f36624c44484835516b6a6a2f642b562f6d50394b39313854782f6176326635764b38337a644831502f414c3966766638413762586959314b336561475736697537324f4c2f414a36334a2f31582f50502f414c39312b57596d6e374b6f666459577237576b5a7435397633572f323737522f716f2f4c387a662f7138667538653370565337713571303974637a782f5a4c65533269696a387679354a504e716e71482b7169724f6c2f434e5372525252584d616852525251417362346b72366f506862536645486a76535a56736258374272476879537866752f77446c723556664b3051336d76657668786f5775584f6c2b464c364c584c71786c6c76706253786938722f414655582f4c57753344564f6879346f6b69384b36624c384472753969696a2f414c517474532f65792b562b39727474442b48476b3233784d30434f36696a6c682f7350375635586c2f38414c574c79762f6a7463707057686133632b48664855555774792f594e4d75705a5a626279762b506d5769434c784266585867612b3154784a64665a64583832316a6c692f3173582f4145797230585433314f5a467a785a4670746c384b39626a38754b4f622b334a664b2f6466394e61382f3841474f75793635716c334c612b624c44396d38727a61362f572f44466c61365a343774705a5a626e56644875597059705a5a6638416c6c584461336366627062434c54496f726d573574764a6a696972656a374c325838557a526b326c6a4c633330566a61522f6172712b69696969723137345a2b48624b4c346952574f7165564b62474c37564a4c4a462f724a6638416e6c5662777a6f567438504e4d2b3361704c464c7256314835586c66383871337668525a66626644766972784a4c2b39757a35766c5331704b6e616a714b72564f412b4a6b5674716669472f2f73754f4b4b316b6c2f31555556655751704a613352696b2f774262484a587032687978532b49347261582f414656637238514e476b30322f6d2f642f7743726b387174736652537065307047574571762b46564d7255592f4e747061352b4b75673075534f534d3572466d683875366c6a2f35353135474b702f7771703334582f6e305839446b3875574b756b2b79793179316e2f7839477530723063742f6848486a503468357452525258797837516e725573465265744c463172536b49314961317253577357316b7256744a6356374745716e6d31556256704c5772615669777956715179313950684b70343155316f613159756c596b4d7461304e653753504c716e596548592f37532b48586a2f5352782f6f5032714b502f746c2f3971723533747247786c746f5a5a4c36547a70503962484862655a356466512f77793538592f5a7066337632367875725879712b66723033326b36686436614a4a497a62584a486c4a4a783573636d4b2f4f73357065797852395a6c565839305a747a4646464e356355736b762f624c79714c372f56314c4a4e633330336d3363733073762f5057512b62554e2f384136714b754b6c2f434f2f384135654643696969754531436969697245644a34496a7370645a696a31442f56563733702f67627842706c31702b7065444e62744e547462475757573174705a6639563574664e6d6d57386c3564527878637931363971506872562f437567785831317263554d306e2b7174662b5774657a67623161646a7a73562f454e7130306a346b6548783467696930324c7974586c38323572426c3850654e526f576e327373663261303032353832326c387a2f414a61317a30586a72553550336431632b622f32316c714b58574e52314f574b32696a4d7376384131313832753269734d5a5650616b75755776694335316d376b6b76764e3154557066336b56724a35766d3136566f666832782b4765672f6274513871363171352f774449565461485957587734384f2f3276716e373356626e2f56563566346831692b38515838317a6453792f7650382b5654396c2b3839714c327457722b364b6e6a44784c63367864532f764a5a4a4a4b39342b432f6c2f774443687465782f72503332612b5a39516a4d5a352f6431394b2f41305a2b436669442f726e4c2f77436971343639537237533158792f4d4b7638493846753737374e346d2f356131364a38514c482b3239437462346638744976336e2f5857764c2f41425a462f7741546d57765676424e782f6266672b61326c2f774264462b39697231634e562f65314b56553563562b36705571783431704938713538732f36324f576f74576a3876557061312f454e714c4856664d2f355a79566e61314a6d2f2f6466383836386a4655765a55765a487130716e7466337149496639624658562f77427032332f507a58464353574b512f752f395a55663236342f35366d735959376b566a536548353363686f6f6f727954704369696967433161793171326b74596b4d707257744a6139504356546c71306a61687251744b7972537443307236664331547871707451793171326b74597470576861533137744b716550564f70384b5848326678566f4c6e2f6c6e6652563535386337482b79506962726474464835555573766d785631596c3872793559763962455970762b2f56552f32714c614d2b4f6244556f70504d6a76744e696c2f6e58793345612f6658505a795538622b30792f384150536f6130744b743437752f68696e6c3871475354456b74642f4c38504e496c68686b3072784e615379792f387370663356665030734c56716e753161744b6b655830563644702f7733314b56627553366d7472573174543555747a4c4a7835762f504b7562312f515a4e4b75635353655a464a2f713566576c3956712b79397143784e4e75794d527a5669474b57356b38754c39374c4c55512f656d765550687034486b314f354d74312b3668692f316b6e2f41447a6f7775472b733141784f4a39696a71766854345673744a735a746331714f4c796f76395635762f5057764e6669423476756645327354584573736f69387a3931462f7741383471367234722b4d4970496f744530627a5972534b764c394f735a623658793471395045314e6671314934634c532f356531524e4e734a627958596e5776665043656b61623443304f4c584e662f655863763841783752663874617a2f422b69365434583077367834686a694a4d662b6a526638396138363865654c3772784e716b7373736e37722f6c6c462f77413871616f303842542f41487044645446314c4c595a347738575850694855356271376c6c63475469502f6e6e48365673654874487674593065612b734c622f5262582f572f76613831353731372f7744733733503233522f45756b6e2f4146737474356f2f375a316a6863583753702b394c78564a55715768356671486c2b623563763771574b76662f77426d75543764344a312b782f365a3134463435747049726d4f5139492f335665302f736d33586d582b6f57556e2f414330745a442f35467254476675716c576b5a322f6333504666474d666c36345a5038416e70585166434c552f733271665a705a503355763771716e7857742f735069476150792f39586379317a2b683350326257497049762b576c62564b71703434505a6531777033587852307a79355a5a496f2f3841707248586c38306e6d53785637313472692f7466527253392f7743656b582f373276444e58692b7a616e4c482f77424e614d3570663876525a56562f356445476f6638414c4b7336744855502b57565a3165446a50346836734e683146464659466852525251416b50577443306c36316e39367432736e57756e436d56553643306c72567335617862575772384d6c6654345771654e564e75307251682f31745a554d6c61454d6c6537684b70343955314942356b586c663839617a506a626552332b6c65454a6750336b4f6d6555662b3255706a2f705770444c2f414b71754d3861706633747a6a4d636b4e6c2f7134682f797a3833393758427848523972533971642b532f78546c6244537237555a5a50734e744c636d503841353578357266302f773965785839724c6479783256724c4a46357373636e2b716a72735a727179384a2b436f7243306c6a6c7637364b4f612b6b6935387764596f71796642547836726433647871736b73647046306d6c696c6c696a6b2f36612b58587a314c43302f77446c372f46505a645770304f7038656137484e61326c6a3461747062587733592f367239312f726638417072584b5863555773615035586d78525332762b712f366131304f725257327065624648346c74664b2f36397059717465453761323850532f61597233527271362f355a5333506d2f75762f41434658722b792f3564556a792f6166387654697444384b583168665253612f62585668464c2f71355a597137547833347773644830482b784e416c2f64532f3632574c2f6c70586166323546665378573855756c3356314a2f7262362b75662f52582f414479726950694c384f5a4a4c6b334f6e795266752f384157786562356c59657a396c687659306871723761723757736553326c724c7156336779484d6e2b736b723133525044316a3451307550552f456b662b746a2f3061322f35363076677652744a3047796d3162565a59764b692f774357526b2f3561313531343738583350696255355a4a5a4a66492f774357556463332b34552f6131663468302f372f5674542f6845586a48784e632b49622b57575753582f726e584b455970796a42717a4259334d332b727435582f437649713161754b7148715531546f303745474b39522f5a37317950522f48385564334a6930755970497061347131384b6176632f366d326c7263306a777a714f6a337356354c4a62526d50384136615631596241596c31444c45346d6c374d33666974707632625539566a482f41443172642f5a53766f726278764c464c2f7931686b2f6c57643479316579314c796674636b586d787865564a574c38486236505450694270386b637637715358486d563657506f3371575a775957722f7378732f48324c50696a56664b2f35362b62586c6470636d4b5747582f6c72484c58725078586c6a7674597571386d387157326c2f65787978785366394d3635387a70657971556a5441566661306a326e777a66523333684f3673762b5773583732502f726c2f7931727a44786a626556665253663841505375673850584d747447664b6b2f355a2f38416b4b73627871385a6974762b6574656e6a313758416e466846374c46484d61682f7741733671564e4c4c3567692f365a314469766b5a79353363392b4777556331504846567147326a50574d314e4b6c37556831545079614d6d7472374e482f414d387150734d662f504b757236705646395a4d53705971312f37506a2f3535564a4659522f3841504b74615746716d6631716b52576c62566d617266325a482f77413836542b7a552f35356d76597055717449346174576c564e71477443475775522f7336332f414f65662f6b53716c315a4a48464c4a456e2b7272702b763161526c3955705654306d4735692f3536785266397461354478764c476454696b696c696c486c56794d557a47746e545a5a4c61627a62475578792f394e4b356175615663777065794e61575872436676556142767236356c74596f62474b4b36692f365a6636327568302f56376e54626256744d76624732747064583872742b362f3174636e7139397131393555747a6d5879762b57736457394f7659343755533356775a6271502f56522b5a2f71717a7066785471712f77414d367550534c5853504238747a716355636d7158556b67692f365a565a3158777a4c59364e2f7135593951696c2f77424a692f365a66387371342b37385179792b5662585837324b32692f6465562f7a31725138512b4f6453315058667474314635586d786556355555666c56705378574770484b384c565a7977317939696b4f5a44482f414e4d36375877703852704c592b567163684d4e594c52585674616e37647074763563736e37755351655635636c5361315933306e32574c5550374c6a38332f4146647a4635582f414c53726c39726961582f4c30327130734e564c2f774152745474626d47312f73755839314c2f7249713837556c546d756748682b547a764b75726d3174762b656373736e377557736d37696b74726d574b547938783177342b725671315061315470776c4b6e52702b79523250672f516f72694c7a586a6a756271543937355a6b2f645730582f4144316c72744c4f3474374b786d765a496f6a6178532b56464c4a2f79316c727a485266454e78704e6a714674614a2f78394479705a502b6d6670577a345a317933754e54302b50566638416a3074762b5764657a6c2b595571564c32564934635868616c562b304f76744c48784c34676c69387158374444632f36727a6633586d317444346361624646357571616e39706c6a2f77426235556c527961784a4c4661792f61544664366e2b39755a662b6555582f4c4b4b4b754a3857654a70664d6969745a49764b692f315556644e583266732f6131547a2f33745772374b6b64554e48384c57332b71387158797169457569526638414872464c2b362f35612b56586d734d757058332f41433879783161476853792f3632356c6c72576a697638416e31534e6175462f352b3154713956316e534a5039624c4c4c2f3231726b4e66316d32754c6357397235736c5776384168486f2f2b65762f414a436f476a57386653537562466657617072522b7255746a46734e543147326a4d6355666d526538644a6466617236587a6271756c467462526471787451314b4e503363496a502f584f75437253396c532f653154717056766131503356497737755079356633582f4c537164543363766d796d536f4b38536535364d4e69587a6e39617347346b39614b4b376152424e396f6b39616639716c2f765555556a4d5437564c7a38315366326a63663368525257314943622b31626e2f592f37356f2f7457352f32502b2b614b4b3654496164536d412b37462f33774b62633355733055336d484e464646582b45464d7854563230592b5a5252586a30763470326e546153787a562f7744732b33766639656d6670525258316c482b4565502f414d76546e4e517434394d757639474766392f6d7232712b4962322f744a494c6e79576a747a2b364154376e306f6f7278734c2f414171703254334d4c2b316231724f5342726d526f6a324a714a517a487954492b7a307a5252584e554f6731494c4b4b552f4f5850343175783666624b4f497852525856675034707931534c7845504930323445507968694d347269505769697363312f696d75452f6847676455765a493033334d68386e376e505371506d4e767a6d6969737170736939466454512f3674794b642f6156312f7a304e4646616d4b452b3358482f4144304e56767474782f7a314e46464655716d4e383257622f57537566787145555556356c5533466f6f6f724d5a2f2f32513d3d, 'a:1:{i:0;i:1;}', 'a:0:{}', 'a:1:{i:0;i:1;}', '2018-10-24 12:54:30', '2018-10-24 20:31:46'),
(4, 'hahahihi', '$2y$10$yItRCc/ncAJsecjYTvV3ZOXj1/IAcfUc71QrvG9h9NGx0DdvA2Q06', NULL, NULL, NULL, NULL, 'a:2:{i:0;i:1;i:1;i:8;}', NULL, '2018-10-24 19:54:54', '2018-10-24 20:04:52'),
(5, 'viet', '$2y$10$ZudY9AHwGrjah/28j.ZFHu3TENOckqfgL9q1CQa8GFxUD0h/d7QU6', NULL, NULL, NULL, NULL, NULL, NULL, '2018-10-24 21:17:09', '2018-10-24 21:17:09');
INSERT INTO `users` (`id`, `username`, `password`, `realname`, `phone`, `avatar`, `followed`, `follows`, `following`, `created`, `last_login`) VALUES
(6, 'adminnnn', '$2y$10$IKaLz13TCj0b229E9GEnie7xFRw12tI/FoRhgymAa0Gij21ZvMgQu', 'Vieejjt', NULL, 0x2f396a2f34414151536b5a4a5267414241514141415141424141442f3277424441415945425159464241594742515948427759494368414b43676b4a4368514f44777751467851594742635546685961485355664768736a48425957494377674979596e4b536f70475238744d43306f4d43556f4b536a2f327742444151634842776f4943684d4b43684d6f476859614b43676f4b43676f4b43676f4b43676f4b43676f4b43676f4b43676f4b43676f4b43676f4b43676f4b43676f4b43676f4b43676f4b43676f4b43676f4b43676f4b436a2f774141524341433041506b444153494141684542417845422f38514148774141415155424151454241514541414141414141414141414543417751464267634943516f4c2f3851417452414141674544417749454177554642415141414146394151494441415152425249684d5545474531466842794a7846444b426b61454949304b78775256533066416b4d324a7967676b4b4668635947526f6c4a69636f4b536f304e5459334f446b3651305246526b644953557054564656575631685a576d4e6b5a575a6e61476c7163335231646e643465587144684957476834694a69704b546c4a57576c35695a6d714b6a704b576d7036697071724b7a744c57327437693575734c44784d584778386a4a79744c54314e585731396a5a32754869342b546c3575666f3665727838765030396662332b506e362f38514148774541417745424151454241514542415141414141414141414543417751464267634943516f4c2f385141745245414167454342415144424163464241514141514a3341414543417845454253457842684a425551646863524d694d6f454946454b526f62484243534d7a55764156596e4c524368596b4e4f456c3852635947526f6d4a7967704b6a55324e7a67354f6b4e4552555a4853456c4b55315256566c64595756706a5a47566d5a326870616e4e3064585a3365486c36676f4f456859614869496d4b6b704f556c5a61586d4a6d616f714f6b7061616e714b6d7173724f3074626133754c6d367773504578636248794d6e4b3074505531646258324e6e613475506b3565626e364f6e7138765030396662332b506e362f396f4144414d42414149524178454150774435616f6f6f6f414b4b4b4b41413961304c5732696c6a6a6b383379354b7a7574656866434c5137627842346f734c4b2f6a3832316b387a7a493636634c533972554d71745832564d345357326b6a5038417a307146546976726e567667313461767257574f31696c735a6638416e72464c357465412b5050436c31345531535378767a464a356b666d7853786638744971317134582f6e305a557356633453696969754536676f6f6f6f414b4b4b4b414369696967416f6f6f6f41536e416e74534265635630756e2b476269555253585837754b57756d6c68616c582b455a564b744f6c2f464f5a69465734725757542f4146555573763841327a72753950304f79693438767a662b6d6c644242705563662b7369342f35355637754634637131663470356c584f61564938776a30532b6c2f355a31622f34526e55762b655a2f372b56365235555555582b717168647979532f3675765166447548703037746e4b73367156547a6166534c36502f57783155654f57492f765935423961375337696c72506c394a663956586a56737370302f345a36644c48334f567a52577464324d63674d6b583775542f6e6c575938546f635078586c31634c556f6e6454712b3047555555567a444369696967416f6f6f6f414b4b4b4b41454665746673362f7744492f57482f4146796c7279555636742b7a762f795553772f3635532f2b69713763442f455a6c6966345a39595638352f744e65582f41473770582f544b3172364d7235752f61622f35474c542f415072782f7744617374656763464c2b4b654630555556345236676c6177736f782f7a31724a72626b387a393146462f726638417272585668665a663876544b6f565a624c2f6e6d542f33377148374e4a57722f41475071307632575157307373567a2f414b72797633745662753176624879767455563146356e2f4144316970653170422b394d2f77437a53663841504f6f764a6b7131356b6b582b74715747352f375a552f5a55782f76436752514469746f474f542f41467363636c5a6c726153584e7a4646446e7a5a4a424848537130765a437056626e725877583844526176464e726d736b783666484a355674482f7a316c72306a555041467a4635307373763732542f414a5a567436645a523266694c5266433971542f4147666f64746d58792f38416c724c586136726452785266397371397a4356716d4632504778587373562b3950454e503051747168696d6a2f77425658534477784635586d7978532f76613662776261785336706479792f36714b7457376c6975526478663838764b2f35612f774462577654713570553972374934615746704f6b65536133706b55582b716938723937575671466a48485932766c532f765a6137767850612b625958666b2f765a597633766c56356a6633786b3062554a5976336b566a4c464c3576384130796c2f6456366e317239306371776c5832706d79785266387461774e5174504c6c2f365a56616c7670522b372f355a53316375592f4d38485233336c2f36752b2b792b5a2f3279727a4d5656705654304b4e4b7053334f59717264526562462f77424e6f71315a6f764d746f704b7a2f774456537853563439576b656c53716d414f4b4b74616a4835567a4b4b71563464576e374b7059394d576969697368685235556c46486d31596962795a502b65636c4a35556c45567a4a48562b485535613270557164556a39345a67487658717637504567692b49326e6954704a484b5038417946584852587476496633305555762f4147797133462f5a70367847502f726c586668634c66384135656e4c567136483270587a562b30312f77416a5a702f2f414634662b315a61786443385258326d7878526166726d71577355662f4c4c7a664e696f3854472f38585855567a71757066615a6f6f2f4b692f646638737137767146582f6c3063767461564b7165566b6e76545258543668345a6c746f705a493559726b5266367a7971356e484a46654869634a5677727455505470566164622b454a442f726131316b695336696b756f354a496f7066337355645a4d58336f2f7257784262777a337355467863513238556b6e2b736b6154793471782f35646d6830304d4e6d3864764a465a656441424c464a2b37697553662b656b762f41437a2f414f32663072574d766b61584d6b456f746253362b30573073666c584d5565664d3959764e696b2f316638416e46594a30665450734563734e784663672f367a374e6678526638416b4b583937565335734c4f324e716b7439634a4c4c48764b522b56636675764c36356a6c342f36356d6b4272616e717356774c627a3736485654477377456a335250377a65664d6b2f77424969367966764a52327a494d2f764b574f434b3530765445454e735a764e546b47326c4139656e6c2b57504d6b2f7742564a574c44706d6d58486c694878444645504d6b6a2f774250747059764c2f36612f75764e71435853635738567846655756774f754935664c6b543933356e2f4c5474554449504b387157614c39372f7261312f685262666276694a3465696c2f356158305838363532772f31557464523848706f376634702b485a5a6639554c334664502f5073792f774366703750385074546c7676466d72583073766d79797931324d4d747a4c4664793356744c46462b36696938332f414a612f383961386c3843584d6c72346e756f706633666c795331362f726c3135747035586d2b563574665656614f744a6e7a496e7734756f35622f4146442f414b5a56636d6974624731387654346f725747583937355555586c667661346e345133502b6c6168464c2f725a5936366256706639466f7130663841616d61557176376f382f38414550694735697559726d316c3871574b582f57317a66697332312f34582f746653342f734d736c7a464471566a482b36696b2f35355331663171786975704a704c572b7462627a4a50336b56314c2f71762b75565a65733273582f43485863576a616e48665178334d6431637865563555766c2f38396132782f73765a4477687a4670464666655646356b56744c462f79316c2f315574614f764a63326e683631735935495a64506975664e3832326c6a6c2f65317963307461396b4a6266776e71456b6e2b71755a496f6f6f7638417072584437582f6c30647970454b2f3867663841376131556e6a387578387a2f414a365356623069534f50796f37722f4149395a4b7a2f45583771356c746f76395646575657722b363971464c2b4a597864542f414e616e30716d61304c2f2f414673565a35727773562f4650586f2f7768614b4b4b356868525252514155555555414a6a4657784c4a2f7979716578307935756a39777046366d7576306e513761326c69383339354c2f30307230384c674b74553563566971564979744b302b39766639564835636638417a307275644f304b4b4b4c39374c4c4c2f774369714c542f414b5a5671773139316863727055715238786938777131694f386a6a6c3079614f4f506e797066335665542b494e49756444753437656639364a596f356f7049756b6b64657730373468614e4666664137537453504e3370467a396c2f774332586d79313433456546702b7a397164575334722f414a64487a2f48556b736e6d79564e46633471583754484c2f72612b55396b665246436b725768697470662b575656622b4b4b4b55787864714b3246396b4371584b6c4646466378715772512b57616d30572f4e68724e72657839595a664d7143307174585437557950612f47492f736a3469586373502f41423633336c5863636e2f58583937585533586961574b312f77424569696c38324b574b587a662b6d7463464a6653654a666837703936592f4d7639442f305357582f706c2f79792f774461745157757366364e2b386b697236764b38565372552f5a565435374630616e745033523048672f572f7743793965696c2f774258442f7a7a723050784e716b63555837722f6c7258686d715866326154375245664d4662612b496265367359764d6b506d78313355716c50327436707931614e52307442757433336d31513850367846706d7153793355586d326b7355735573582f50574b732b37765935502b576b565a55736c63574b78587461703359576c37493170644a3032542f56616e35522f353579785656312b57534b3374624c2f5752526638746638416e7057524c35745739566c3879574b322f774365566346577253396b6436706b734d666d3330556e373379717a37755837566653792f38415057577263313135576c6e39372b396c6c2f31565971755551534472584c6971762f4c6f36615649687535504d6c6c4e52436b6f4665525566744470466f6f6f7249595555555541537857736b6c62576e5773635837332f414673315a6c744e577a61484e6576684b564d346131536f6174704c577244574c61533171513139506861703431553172535872577244574a44307256744a6139366b654e564e43756830372f695a2f43487835706b73586d2f5a66394b2f39712f3841744b7561687270666878463575753672706e2b74693150523559764c2f77436d7465546e394c3275464f724b71763841744a346450613266326553356930307852342f3643636376482f3779714670714668424943326a3273347830755a5a662b656e2f41457a6b6a724c3143316b74627157326d346c696b3871537571757457516e544448714e776a577952482f5272614f4a497869504a482f54546a72394b2f50443755777275346a6536692b79326472626c503366376f79482f7742474771562f2f7249762b7564584e557568645863662b6c58647a46482b36456c782f774138367058503779574b747638416c305a6c54386150787133354d6638417a306a2f414f2f6c474c6173765a476732424d78792f53713359316f2f6159347639564657644a336f716b55395476506862716437706d7133636b50325753306b745a49727237562f71764b725958776c70326f79585839696173392f6452447a667370692b7a53797866394d7638416e70574c593345576d2b44345a5a62614735467a71556f6c696551346b6a696969342f642f7744585773574857626d4c564972364b57587a5970664e692f652b62355664314b72374979715533554f74385165474e4f61366874744a3145786b6e467839706b2f6452782f387370664e2f774365585370523448306d342f35416e694348574a59763962612f5a5a62615879762b6d582f50576f2f464e3744703273367263545738647a61585639356f745a4a4a497633586c2b62462f717a2f414e4e61346864556c4770783373636b766d78792b5a486d547054712f75716f5576345a325069487763746c596936735a6a4e434a414a662b6d516b2f7742564c2f31796c726c356261577869387a2f414a5a5331363350597836764e714d6c2f7163576d61564a6252582f414a666c65624c2f414b562b3938722f414c2b31696e2f6844626239354b392f6666764a4a664b6c6c6969692f77444956643331553566616e6d637376373339315871326d7957506748773561616e4e59327439346c3150393762525855586d785773582f505775623166784c6f736c7162625376443172612b5a2f79312f356131552b494e394a71666949334e7435636b4d6472466a79762b65645a65794e663467613134686c38532b6242716c686157312f49664e696c746f764b72695a4f766c6975776d69696b306531314b4c39333555766c5378566a61546f64317265715357326e7853536e7a502b57645a59716c564e6156517736414458512b4a6644736d695852696c6b3877317a34795478586d314b547075315131705650613630784b4b4b4b794e416f6f6f6f416d7454577061533169525671777931366545716e4c5770334e75306c78577246574c613171326b7466525957716550564e574b7457306c724b744a6174777931394653716e6c31546167504664423443757673766a72525a662b656c7a35582f66324b755a686c713362335832613674626e2f6e6c6378532f2b52616a483076615571694f62432f75717078337843384f2b563439312b78746253357570597233506d526638382f4c387971467a59574d576d322b37534934684a2b3845747a71586c7965582f317a3766367975362f6146736257322b4a6431633366324b5558326d78544a4a6365622f725039582f79792b6c656644554c4b4c53343459354e506a4d66377a79347449696c387a2f74724c2b39723876716e33564c2b475a50696130697462364c374c4659786953507a50384152626e37542b7459647a306a725838537a4336314b5335506b2f76542f77417372614b316a2f373952566d5858656a2f414a646756714b4b4b7a4e516f3832696972456452707475392f34657534307a4c4c59796661764b2f77436d5750336e394b3579757838426d774d642f774364637857756f6638414c744c4c2f716f3632354e396a6469556a77376258586535682f65662b51363958367237576b632f74665a474c34336c467a71737355455a3357317462517a442f7070464549704b3433427273767374744c7a2f4147392b392f317637332f6e72577244464446443573557668324f377a2f78382f76664e2f77432f662b71725372674b74557a2b736a6461383355356450746f704a592f4b73597258796f7639624c4c464655643364324f6d54523238766c584a696a38723744596636722f414c61792f77444c57715975354c57316c6a6975664e387a2f5779323058377a2f76375336686f64395a522b584e46396c4d74743576384172504d6b6c7276396c2f7a364d66384172365179366e4c645a7434685957496b2f77435763555646704c355639464c35586c6676664b75596f717a35596f34376639373557664b726131573238322b696938324b4b5735746f705a5a662b65565a55674c656b32463134683872772f70635837324f3538325757582f4146555665767757756d2f443777373556703555756f532f3874662b57737374633334643854614a3461384f525261563573756f53532f3632574c79764e6c727a2f572f45387570582f3732547a496f2f77447070585453396e532f696e4c563972562f64556a4c3864366e4c66587153792f363253547a613432747a784c484a4a4c356f2f31565a4e6e48484a2f7244697644782f3733456e7159583931534966776f2f43744b5054504d2f7742584a556e396a79566c3951716d6e316d6d5a56464646634a714a36316f576b745a2f725675306b785854534d717074576c61454e5a64724a57686179563946686170343956477a444c577244574c445772444c3172364c43315479367072576b74573544356c744c482f7741745a49367a375872562b477654716e6d624d6d2b4f356c3158775434463853576e37763841306157306c6b48722f6d4b577648704a4e57756249792f36624c44484835516b6a6a2f642b562f6d50394b39313854782f6176326635764b38337a644831502f414c3966766638413762586959314b336561475736697537324f4c2f414a36334a2f31582f50502f414c39312b57596d6e374b6f666459577237576b5a7435397633572f323737522f716f2f4c387a662f7138667538653370565337713571303974637a782f5a4c65533269696a387679354a504e716e71482b7169724f6c2f434e5372525252584d616852525251417362346b72366f506862536645486a76535a56736258374272476879537866752f77446c723556664b3051336d76657668786f5775584f6c2b464c364c584c71786c6c76706253786938722f414655582f4c57753344564f6879346f6b69384b36624c384472753969696a2f414c517474532f65792b562b39727474442b48476b3233784d30434f36696a6c682f7350375635586c2f38414c574c79762f6a7463707057686133632b48664855555774792f594e4d75705a5a626279762b506d5769434c784266585867612b3154784a64665a64583832316a6c692f3173582f4145797230585433314f5a467a785a4670746c384b39626a38754b4f622b334a664b2f6466394e61382f3841474f75793635716c334c612b624c44396d38727a61362f572f44466c61365a343774705a5a626e56644875597059705a5a6638416c6c584461336366627062434c54496f726d573574764a6a696972656a374c325838557a526b326c6a4c633330566a61522f6172712b69696969723137345a2b48624b4c346952574f7165564b62474c37564a4c4a462f724a6638416e6c5662777a6f567438504e4d2b3361704c464c7256314835586c66383871337668525a66626644766972784a4c2b39757a35766c5331704b6e616a714b72564f412b4a6b5674716669472f2f73754f4b4b316b6c2f31555556655751704a613352696b2f774262484a587032687978532b49347261582f414656637238514e476b30322f6d2f642f7743726b387174736652537065307047574571762b46564d7255592f4e747061352b4b75673075534f534d3572466d683875366c6a2f35353135474b702f7771703334582f6e305839446b3875574b756b2b79793179316e2f7839477530723063742f6848486a503468357452525258797837516e725573465265744c463172536b49314961317253577357316b7256744a6356374745716e6d31556256704c5772615669777956715179313950684b70343155316f613159756c596b4d7461304e653753504c716e596548592f37532b48586a2f5352782f6f5032714b502f746c2f3971723533747247786c746f5a5a4c36547a70503962484862655a356466512f77793538592f5a7066337632367875725879712b66723033326b36686436614a4a497a62584a486c4a4a783573636d4b2f4f73357065797852395a6c565839305a747a4646464e356355736b762f624c79714c372f56314c4a4e633330336d3363733073762f5057512b62554e2f384136714b754b6c2f434f2f384135654643696969754531436969697245644a34496a7370645a696a31442f56563733702f67627842706c31702b7065444e62744e547462475757573174705a6639563574664e6d6d57386c3564527878637931363971506872562f437567785831317263554d306e2b7174662b5774657a67623161646a7a73562f454e7130306a346b6548783467696930324c7974586c38323572426c3850654e526f576e327373663261303032353832326c387a2f414a61317a30586a72553550336431632b622f32316c714b58574e52314f574b32696a4d7376384131313832753269734d5a5650616b75755776694335316d376b6b76764e3154557066336b56724a35766d3136566f666832782b4765672f6274513871363171352f774449565461485957587734384f2f3276716e373356626e2f56563566346831692b38515838317a6453792f7650382b5654396c2b3839714c327457722b364b6e6a44784c63367864532f764a5a4a4a4b39342b432f6c2f774443687465782f72503332612b5a39516a4d5a352f6431394b2f41305a2b436669442f726e4c2f77436971343639537237533158792f4d4b7638493846753737374e346d2f356131364a38514c482b3239437462346638744976336e2f5857764c2f41425a462f7741546d57765676424e782f6266672b61326c2f774264462b39697231634e562f65314b56553563562b36705571783431704938713538732f36324f576f74576a3876557061312f454e714c4856664d2f355a79566e61314a6d2f2f6466383836386a4655765a55765a487130716e7466337149496639624658562f77427032332f507a58464353574b512f752f395a55663236342f35366d735959376b566a536548353363686f6f6f727954704369696967433161793171326b74596b4d707257744a6139504356546c71306a61687251744b7972537443307236664331547871707451793171326b74597470576861533137744b716550564f70384b5848326678566f4c6e2f6c6e6652563535386337482b79506962726474464835555573766d785631596c3872793559763962455970762b2f56552f32714c614d2b4f6244556f70504d6a76744e696c2f6e58793345612f6658505a795538622b30792f384150536f6130744b743437752f68696e6c3871475354456b74642f4c38504e496c68686b3072784e615379792f387370663356665030734c56716e753161744b6b655830563644702f7733314b56627553366d7472573174543555747a4c4a7835762f504b7562312f515a4e4b75635353655a464a2f713566576c3956712b79397143784e4e75794d527a5669474b57356b38754c39374c4c55512f656d765550687034486b314f354d74312b3668692f316b6e2f41447a6f7775472b733141784f4a39696a71766854345673744a735a746331714f4c796f76395635762f5057764e6669423476756645327354584573736f69387a3931462f7741383471367234722b4d4970496f744530627a5972534b764c394f735a623658793471395045314e6671314934634c532f356531524e4e734a627958596e5776665043656b61623443304f4c584e662f655863763841783752663874617a2f422b69365434583077367834686a694a4d662b6a526638396138363865654c3772784e716b7373736e37722f6c6c462f77413871616f303842542f41487044645446314c4c595a347738575850694855356271376c6c63475469502f6e6e48365673654874487674593065612b734c622f5262582f572f76613831353731372f7744733733503233522f45756b6e2f4146737474356f2f375a316a6863583753702b394c78564a55715768356671486c2b623563763771574b76662f77426d75543764344a312b782f365a3134463435747049726d4f5139492f335665302f736d33586d582b6f57556e2f414330745a442f35467254476675716c576b5a322f6333504666474d666c36345a5038416e70585166434c552f733271665a705a503355763771716e7857742f735069476150792f39586379317a2b683350326257497049762b576c62564b71703434505a6531777033587852307a79355a5a496f2f3841707248586c38306e6d53785637313472692f7466527253392f7743656b582f373276444e58692b7a616e4c482f77424e614d3570663876525a56562f356445476f6638414c4b7336744855502b57565a3165446a50346836734e683146464659466852525251416b50577443306c36316e39367432736e57756e436d56553643306c72567335617862575772384d6c6654345771654e564e75307251682f31745a554d6c61454d6c6537684b70343955314942356b586c663839617a506a626552332b6c65454a6750336b4f6d6555662b3255706a2f705770444c2f414b71754d3861706633747a6a4d636b4e6c2f7134682f797a3833393758427848523972533971642b532f78546c6244537237555a5a50734e744c636d503841353578357266302f773965785839724c6479783256724c4a46357373636e2b716a72735a727179384a2b436f7243306c6a6c7637364b4f612b6b6935387764596f71796642547836726433647871736b73647046306d6c696c6c696a6b2f36612b58587a314c43302f77446c372f46505a645770304f7038656137484e61326c6a3461747062587733592f367239312f726638417072584b5863555773615035586d78525332762b712f366131304f725257327065624648346c74664b2f36397059717465453761323850532f61597233527271362f355a5333506d2f75762f41434658722b792f3564556a792f6166387654697444384b583168665253612f62585668464c2f71355a597137547833347773644830482b784e416c2f64532f3632574c2f6c70586166323546665378573855756c3356314a2f7262362b75662f52582f414479726950694c384f5a4a4c6b334f6e795266752f384157786562356c59657a396c687659306871723761723757736553326c724c7156336779484d6e2b736b723133525044316a3451307550552f456b662b746a2f3061322f35363076677652744a3047796d3162565a59764b692f774357526b2f3561313531343738583350696255355a4a5a4a66492f774357556463332b34552f6131663468302f372f5674542f6845586a48784e632b49622b57575753582f726e584b455970796a42717a4259334d332b727435582f437649713161754b7148715531546f303745474b39522f5a37317950522f48385564334a6930755970497061347131384b6176632f366d326c7263306a777a714f6a337356354c4a62526d50384136615631596241596c31444c45346d6c374d33666974707632625539566a482f41443172642f5a53766f726278764c464c2f7931686b2f6c57643479316579314c796674636b586d787865564a574c38486236505450694270386b637637715358486d563657506f3371575a775957722f7378732f48324c50696a56664b2f35362b62586c6470636d4b5747582f6c72484c58725078586c6a7674597571386d387157326c2f65787978785366394d3635387a70657971556a5441566661306a326e777a66523333684f3673762b5773583732502f726c2f7931727a44786a626556665253663841505375673850584d747447664b6b2f355a2f38416b4b73627871385a6974762b6574656e6a313758416e466846374c46484d61682f7741733671564e4c4c3567692f365a314469766b5a79353363392b4777556331504846567147326a50574d314e4b6c37556831545079614d6d7472374e482f414d387150734d662f504b757236705646395a4d53705971312f37506a2f3535564a4659522f3841504b74615746716d6631716b52576c62566d617266325a482f77413836542b7a552f35356d76597055717449346174576c564e71477443475775522f7336332f414f65662f6b53716c315a4a48464c4a456e2b7272702b763161526c3955705654306d4735692f3536785266397461354478764c476454696b696c696c486c56794d557a47746e545a5a4c61627a62475578792f394e4b356175615663777065794e61575872436676556142767236356c74596f62474b4b36692f365a6636327568302f56376e54626256744d76624732747064583872742b362f3174636e7139397131393555747a6d5879762b57736457394f7659343755533356775a6271502f56522b5a2f71717a7066785471712f77414d367550534c5853504238747a716355636d7158556b67692f365a565a3158777a4c59364e2f7135593951696c2f77424a692f365a66387371342b37385179792b5662585837324b32692f6465562f7a31725138512b4f6453315058667474314635586d786556355555666c56705378574770484b384c565a7977317939696b4f5a44482f414e4d36375877703852704c592b567163684d4e594c52585674616e37647074763563736e37755351655635636c5361315933306e32574c5550374c6a38332f4146647a4635582f414c53726c39726961582f4c30327130734e564c2f774152745474626d47312f73755839314c2f7249713837556c546d756748682b547a764b75726d3174762b656373736e377557736d37696b74726d574b547938783177342b725671315061315470776c4b6e52702b79523250672f516f72694c7a586a6a756271543937355a6b2f645730582f4144316c72744c4f3474374b786d765a496f6a6178532b56464c4a2f79316c727a485266454e78704e6a714674614a2f78394479705a502b6d6670577a345a317933754e54302b50566638416a3074762b5764657a6c2b595571564c32564934635868616c562b304f76744c48784c34676c69387158374444632f36727a6633586d317444346361624646357571616e39706c6a2f77426235556c527961784a4c4661792f61544664366e2b39755a662b6555582f4c4b4b4b754a3857654a70664d6969745a49764b692f315556644e583266732f6131547a2f33745772374b6b64554e48384c57332b71387158797169457569526638414872464c2b362f35612b56586d734d757058332f41433879783161476853792f3632356c6c72576a697638416e31534e6175462f352b3154713956316e534a5039624c4c4c2f3231726b4e66316d32754c6357397235736c5776384168486f2f2b65762f414a436f476a57386653537562466657617072522b7255746a46734e543147326a4d6355666d526538644a6466617236587a6271756c467462526471787451314b4e503363496a502f584f75437253396c532f653154717056766131503356497737755079356633582f4c537164543363766d796d536f4b38536535364d4e69587a6e39617347346b39614b4b376152424e396f6b39616639716c2f765555556a4d5437564c7a38315366326a63663368525257314943622b31626e2f592f37356f2f7457352f32502b2b614b4b3654496164536d412b37462f33774b62633355733055336d484e464646582b45464d7854563230592b5a5252586a30763470326e546153787a562f7744732b33766639656d6670525258316c482b4565502f414d76546e4e517434394d757639474766392f6d7232712b4962322f744a494c6e79576a747a2b364154376e306f6f7278734c2f414171703254334d4c2b316231724f5342726d526f6a324a714a517a487954492b7a307a5252584e554f6731494c4b4b552f4f5850343175783666624b4f497852525856675034707931534c7845504930323445507968694d347269505769697363312f696d75452f6847676455765a493033334d68386e376e505371506d4e767a6d6969737170736939466454512f3674794b642f6156312f7a304e4646616d4b452b3358482f4144304e56767474782f7a314e46464655716d4e383257622f57537566787145555556356c5533466f6f6f724d5a2f2f32513d3d, 'a:0:{}', NULL, 'a:1:{i:1;i:2;}', '2018-10-24 21:18:41', '2018-10-24 21:18:41'),
(7, 'hahahiiii', '$2y$10$QJpxnsuNx3pP/lLAiFOrb.2lcP2LjnnxeQMDdKxg6AIsfTKlw2Hw6', 'hehihi', NULL, 0x6956424f5277304b47676f414141414e53556845556741414152494141414479434159414141434242456f564141414141584e535230494172733463365141414141526e51553142414143786a777638595155414141414a6345685a637741414473514141413745415a557244687341414265625355524256486865375a304a6a697a4a635553487641423143517167376e3857435a4175495a3167394931736b3379637365385261513849644864564c724734762f544d71766e7a7039392b2b2b333358303049495a7235383839504959526f52694952516e516a6b5167687570464968424464534352436947346b456946454e784b4a454b49626955514930593145496f546f52694952516e516a6b5167687570464968424464534352436947346b456946454e784b4a454b4962696551682f76302f2f2f766e4e79485749704538784c2f39363739494a6d494c2b6866536842446471434a354546556c596a57715349515133616769655252564a57496c716b68454569736b504d77466549322f4377456b45764633576973594355554133646f3853713059576f576757796742564a453841684e36644956514b6770375875796a5375566253435162795356705454497965582f2f2f6666662f76516e4c4f732f672f64537850596a716635366b51444a354474494a41764a696350534b684551456b4a4f496a4669636f6d4e6866316d6e3062514b30417848346c6b415455434153304a474a4e497130424368424c576a323255534572374c596d63675551796b5a554349556773764d6166732f414a624d654b636644766b6a4831396c4d793259382b745a6b416b716847496b693245524b787a4a5149775048744f567247344938683771564b4a46723450437345347545566558595645734c48424d61444f59694e6939757637716559533957744452622f502f37726633372b2b67634d474162475638764d576f486b5343576a7863373743636e4a3965643863417a342b32392f2f63766666352f42562b5075464970466b6b7155336743355051684b4a56496968686951424f66704247476b734f747068544a544a684c4a586f34515359686241714e45496a30434161654c493052494a75544c3866497158534b5a5761706154677953456f47414c307245777257726b596d396653364e4d596c6b4c395766326d42683263444b42555253375534734a45534a5243435172307645556a73587464752f4e46633363735848763134672f48746c38497753534f3434484e504b736333456a73504f6933396f4c2b366d5343537877456331736a76676358363257597753434968745a38637763797737694930484d7046513371446f47516d54774e3676746b706b6c6e7843415a6c4b37424a4b42414a617a2f4f614d484c774e746a50713430727269506d4e4252334b5662655a6f732f306e787263314953784b357143455332576b7232695655584d54426e7474304b456a6257556e444d66733547565355337a2b6e7456496e6b78444b307445383155696d5653416f72444c595a354a4a334a4a524661467a32397861776a6966476c796a6a696f65746f306c4a7055636950726c324d554d755669416576465a3654753666456e464e6c53664f344771526a4c6943575847305349544a46557177484c7a437334326970533870304c66634d66462b365268344c416e6a485a61495a4853696746466c4d494f3556694a496870614535567967385269747835714e3757634a32413762372b54456566774379796f5342746c4a4331306a4566764a5163735961704e794e2b78726258394c742b6432716b726559496c49526966506947716b4a6f4168455635706138646942634a392b54755032554e74663070676633747047562f70523733694c4a5a564a434f535a67613561675443596439726b34734a47647350723538304c7841302b3777436e6f645374334d7437674b726c6f30616d327974567777474b494931644978527a7a784b594f446d4a4e4a6169645475737a4a355932442b4d532b596b354656515735736e437543382f763171653250503661597a2f4a6e4a41424279376161476f6d51576f6c672b357039374e7a73594d63364544745075545552353149746b7446427431496f4d79554345614468324473547378565749304b30674d74674e6c4e38674c5757766a31583352464233694b534569675153387363345467316c6377494b44324b704856745935534d695848424f625472314471505969314646516b586469666f5130382f6248436d794155754b79693255524a356c5a4c624e6f726d68446754625252564a474255737669725434785a515a553662346c454c4f6a6a61496c67666c5a564a5279504863634d435a614d796361466c58354c66334c6945754d70666b61792b6d714249417131586179517945723865456a73645346534646636b594654696c46596c4937425874785335736469724e786774455876564c726d4339324b4634615534576f696c342f4756425072553068642f484447665a522f2f576868557136756356717845454e796a4a66493674564c303879764f70306f6b7479512b695655506e705149764551386f7953435a4f4f563150342b41332f376f735156765652584a46596d50694272754b457157535752455034712f6f5679336361453548595857323574566b42427456596a4f795469356245536a4a4d4e3068725a785073306959524a436c367353757959576951535371625778754e68727668334c2b7a2f716e6e333478487638577846556b4a4943446b7859682b62474b453267316e485a525543494530494b3956793550615a4e5134792b2f676944476139755a3632562b756555702b4c6e37734e4b63556d526f70596e2b3174545174496e70714139736c6d345846533237534359324f4f4d4537384c466e446b6e48462b6c6f796c7437786c7652506a4f6549696f5242303571344d306a314266314e4e57357a4536567a6e787458367632534f65453245734a6464496e45426c2f5073354964704b362b654138426a617330667671324370744d4d78494c59384561636b773452383935556e504459362b635037474f593536524d4d423671784c7558337562464571676e747531586e782f5a6965676e53386d6657684f415072692b794e42664a74756b597973536b624a70415762434b6b6b476b306f416632355a796170503759584d4f63694e422f596c79304639353035447247583452584a44544c5a57576e6b73416d374d7645774a3541493568302f325378574b71466d3861394c496d387a524351374b6f67513749645067466f59394434356173467866414c784e662b65547a6f302f4732336d51326644646e3178467979507a6b34426f364432483339652b494e706a776a75666b574236442f6c46456f4d577068496f615330522b66322b43313050597277486b783935782f7269664845477557304f73377879546d4d6b776b6f354f654162644c4a7342574e72307938595145776a47666b48413450385a76685a4b44592f4239353168336a306e4d59307046416e717245724172384f777a6c4a457959554c5a342f6a45367a334853506a63424d333376615366334e365055627a48554a484d7142345167447571456e744f4c7850665175533243776b453762536b67307a34374d543244542f7432454c4e62692f655a6c70464d7072564d6b4543654a6c596f566843535253436965575443397548586a38644f35355157303173337356384d5050445639776d6e4c314e36414642456b746b6773545062514e712b7354674442325878776b4663433652374434376b75356b4f44653138784a614237474761796f53424e574f577879636c2b646d3833416232334c55624376453655775269553232455139644c54746b416d7a695579693441756f714b4d5445696d5247777650717655736d78456f466a554a4a4e5346655a736d747a6569714a4d524f75586978684a6f514c7a4e564a4339584a534b4d71724276737578683638697152444b3541386e6b4f30775869553332553254436675446e697475754c2b46763557706c777533744d5571517450617972434b5a5357396c41706d6b41684876325362532b446e797374596333676b76457147325243537a71354a5a65484677306b513971767a4f682f456461796d575653537a6e6d666b4268676a6431583037376565353274773376684e5950363033774c57584f3642516f69314872447179316256667331383146666e69512f674842436233525a2f32386e453866412b4264673730562b416134433551675669353768454a48622f57726a766c786b526f36325634394a6e4a4c59716d565871326e506b61506c76626b515a6f5856495355546b7764796c57672f4978353663664f4a68713664474a694873684a5a574f46386e5645316f37747277676d43625161394179484b527a4b704b2f455333796954554a78356256556d596b455438657553716b6441787842776f6a354835743655696d536d5430717467614c745158336a377777435854503549536743594f37615a614533797a4a4348355968626d3947446f79527171684c7359376648337a34424a4a4d2f556c7046594c76634e694a4f54377a4e6c49646c6d306861627a315332416b726c556e7431644c4b354b744373574d764555534a6149426b4d343556416946624b354a5a747a6a41486a736d6b39513555344b784166386c6f6669784b76486e672f6d756d65665641694648334e71514752505163707454416862334b30494a4357535552486a63556366374b7273455172614c784364343632543054434b724430716e68706851624f4c6469682f48534947496365775543446d6949756d5253573562534b4b6b4b716c395675494a4a646d74516c6b6c454a3544636d6f4473582b43524d4252747a613163424a506b516c6730746e6b59474c61354477523330632f446e454f707769454947714f6952522f6135464b374e5245556859346e6a30476b36546d50434e49435752336f6f623674714a50504f2b496336586d393062736e474273666f354f6b77673471694970766355706e556776694a4b715a41594942445950416f567442665a382f707978506f37476e6a66574678486d52496b41724e3738794b6b6b56544755544352464555734b427130397a2b79714a455a704172556b654d6d7856346a446b2b7458625a39656b3541645038624776302b56434c6a7147556d4e524c794d4c467959315a564a435053464c51554371726146734f664c6e584d47374a6676682b314c724f2f69584c426936364f70674a51495575537145634a67506145714b61456c75584a7a73426f726b52536c3234455870654f6c69723950726b62417352584a3747714269325850632f4a696f622b313753527145703539787a347669754a467276373431314e616a524275643849747a6c656f585273416d554479766f6c7a4f466f6b4f784a634154716531716f694a3530767264584a743933672b49716b5643613131596a486e6b63794751636c30726f7533412f72732b50434973713434745a6d6467445a5942586a38424c427a356271704656437233467956664c554d354965764578556c59796e3952594853505a6e633431495567484539337176584a4c4a4f48707661554a494a762b6f536b3673544b3671534759466b4951786c705245384a6f716b334a363532735631392f613946596a2b4549616a6b475a2b4543565a4f715955596c34766961544737684f4a437543527a4a7059345645784a6c63575a457777666d7a39657630774e3576576d486f716c634f424c4b362f4a61737a754c36577876512b2f434a747a63654b784e564a57464b42594c746c507a7667696934656e564842436554675a574e4656507176612f6a4a594b3169416e44766837627067586668786677632b506e612f64464c5854527655346b766e6f59455a414d787067736375392f4563344a35742f2b446e7a67412f746136503157654f3658534d30645743475331433039383843435652697a6f6f757749686b646a486143556a4c35736b6873346c6f78415074334b686c43372f64672b2f514371626b446f305443504c493552554b7953494556474c65696b2b4867526f73454d4268356a7068497746646c34684d5738323966732b766867392f2b37642f727866667264767a632b506b3638586e6474522f2f6a677a4545767a35767654774659484d5a4c56584b6a73486d4a2f53684236396471746a345456384e644c4345352f617a43416c436b3738367a4b7841756c46796634323134674556384b5a31556a4a4d653032723876454367527a62797552474a6766376d642f5838474d6d506743694f4f537463326869695242534249786d6277694646754657494677724a615a596d39424d746e4846534a424d4b384b32747148714f69584663714e5542363543754c30716752494a7632454c686f357268444a4b6f6d55426e366f4878544b54544b784363387857566c7754436c43633145366a374d4939556e556b5674337a7a57334e6975447731596c4b5447457274425941435152397350506e516b56672f33696e504c76304868734e516871413277484a3837355454414f61745a617a30676370566454624a6561614c7a4842574769327259616632364f4577322f68795269796233763466464c35314f554d6272693952634b6774646a37345734516951497870326b46692f554e7935434369617862614d6f4f545a6653383274443654574c2b4874586a2f52446d4d674a7852564a4145512b4b556d42726c6b354d385775625330464f69726252364f32306f4576314d6973663143594c74636630617a2b6e7866674c4762796f6e6a52564961744475494a5570717771314d754542736f3243797378483775776569734255487873412b745659693469305144374859526861636d366d2f5341582f6243414a6d2b4368684d493236434e75662b776b657a485978415463316d2b586f6957684b6271536565533237425037484273334b443375696e566b6e3237487a35576476394850534943507a52796832443236496c6b52664c32676a7a344241536337522b6c32746142503746664a504d613254636d7a46447448346e345135326732646f3856535532677a674a394b453330326d716835676f41616f3576706441366a786a33435773677a6f557951645044317346595153443555774c6774715779417042457274554b42507341376c4d7278524a77624a356e426a4f504c6549676874474f464d6c4a56304c3042596d655369346d696430476b3876674475334c3130706b597666487558776a2f753853764554774e3172746363533355555579416372426773536b6b4367472f4d785649315969496277496167684a424d79534349374c6334786b786a46464863654a5a46595139314354414462786256565351733074446b48666175634d66574b2f754b2f2f57346761564a454d6f6b51326f53543172316d5a354b715257717841674a554966672f31627a5368632b546d545a7750566e422b394653774970686259634c46434c3266323864694532726b50506845746365753664394d57767668782f594366683773334a7a77505a49515231556b4a775230442b682f4b476c4c6739324f482f7659566b4e7358787a666e38502b4c55517252346e45422f35706c4569684e7a466a2b334e7553706f48782f5448785861396652304a2b684c7165347261376355386a6e7847636e4b41744152384b78524162634c622f66792b364474613754474653484873773159472f4264686b74733573474c4974524138566d7162336142665831337a327a6e2b55787562544b6451472f413943634a39572b65422b2b4534614b2f514d6864694873654c68487774634a6a3056674a6f46454e70343336337744474b753768474a49444a63514b37417035694b473033676e366e356c61694f592b7252454a4f455570766f696f6878416e674f7951743336713258436b53636c4d6935713679495736744b4559526d692f4a3930797546676c41594c306358462b586966682f5a6e797264525458693453384c705376597466304b2b7437347a696645516d52554e374156324a6130374e35546952456766634f5773767a6556596b674e584a4b59476f35783369565a34576955565874667551654f2f68575a4567434e6b495a49496e3379632f2f52626952703452695257486c51656b59662f52466e3778526b495259687a586938534c77384e2f726841796f56416745797355635336707452586e634b564947467774516561726b393676426773684c684f4a72543777732f5142717639486c473131416e5938694d55355730516f78496c6349354c6570494e4d3249675643684b6251746b6846684648776a32665a7836326a6749536756776b4579484b6b55682b5957397a414a2b6253435a436c484731534771656b355243716544594d343476327444747a646d6f49766d42416b4531596f4e574d6845697a7a5569325a6e4d6b6f6b51616136765345596d75663045783650535772774d59722f6e4f31573674646d457843526534704d693856395173365371457245587966646372684a4a4c4c6e3144454f4976656a574a6f486b4a45515a456b6b4133743449496370345269537a626d39556c5a79466e704f6369537153434b704b68436a6e4f70476f517667325776387a55555753514238464331484755794c5278384243744d4e7674375a387778565a64393354713951444e34696b3949466336622f58796f6e566737373976487968734264434732754d365a582f7672435653636e7a7775647562657869695064345565595930326e6a676a7a59537171554b305779537851536c426a4a6951494a555349555a4d6156696b3874414576424844576c49696677686f562f6e64754558684d7a484a7664682f46387976383678636f45676746506967535579455169755a65545a644954497a6549784d4b38304d652f686679666551384f594c45484a4c6c7458344b335064654b5a455243702f34354153465337424448796646363761304e7943306953384955766c7a3044354e5969666a5877636f6745762f4d797570773156707a54505a384e6f3550764c30427a346b6b4a6f2f536f4b4d345975685a79546e4d464d6d75396231524a4b69556e684a4a54434978576864464d746b50316935554a625a79796c726549684a2f6d33583177315a4f4f716956694c674c4a4a42747653425762424e6c514343685a7a5658567953576c6d426f445568564a484d70585a6561697553577454713149736b39364c31654a4b3042307273676b736b34656f5565343861314f56456b4f596d414a7971536c6f4352535062514d2b387669734f5445776c594a5a4d53675a416e5247497044616259597553433158367149356e6b6b546a714f45456b4e514942364e397a49706d4a2f326a594272706b30682f67587853487030516b59495a4d737339426676726d5164386b456b66736579514b386e396d5244436e3576574c6337704c4a4659694b5748452b4a78494d426c3245526a4975532b69675338482f616a416c546a536c497145394b354c614431613175467a496f6e646e7053494a4154336679304a566f67445342352f4a43515345487664676a566a5a6548584c37594f546449495643796645776d7730756756436268644a714f6b4153534f506c4c435346556d4a4a546b6f4858655938667a5343516646496e456353343263584d79435356357a3379585369505972312f74637976747066477954455a4b41306763632f484a48457a616e32313253534f4552504b4c6c305179576877674a512b4a59797849634d7970546654654f5234746a52415379533947694153736c736b4d6151434a3478787171343856306767686b667a6946704873454165515050595371303532535350454a3055437244524f464d6b736151434a347a354f6b6b59496965534833544b524f45514f4c354f54316b30692b57476c53475a4b41306763596a555379512b6a52414b385447614c4136546b495847493255676b503877517959686a785a413478456c3856695267746b78476969516c44694235694a31494a442f6750336269773678524967477478354934784531385769512b4758654b524f49514e794f524746614b524f49514c2f46706b51436273505a7a2b686b7953636c44346841336f3472454d45736b4953514f38524b6646556b6f6b5874466f747356385656556b5268716e354755694d504b5353495272794b5247484969616130346346784a524c794d52474949695554504f595449382b65666e352f45336e614538424b424f4777545176794454347645517a6c5149434d2b755248694330676b685951714546513062454a3847596d6b41337562593656696d78426634504d69475a5873566971326562477743664553716b676d4535494c576b677561454c6369455469514a49442f346e4e36435433596d487a596d4554346d516b6b677043435934326b7042633047616656346765454932662f304945456858773331614e666679622b6e4b61683865635355776d4b383474684555692b53483062646253373546494d4f4c725343512f784b715031692b6c6e535958494d47495755676b503477575351774a5272794948725975426d4a6979344545393230474545616f686336504a6f5248496a6b454b7867304a484b496c596e747863495736674f612b43345379614867457951764676774d4555707174466c34736243462b6f416d336765727242766858345353644e5a7a4573754963357a34334d55536b386d4f766f6735534351476e3879704242306c6c356d79756c45776b737564534351476d387731535168475642517a5a4f4b3555533541676a6b62696354415250624a466b7277306f51736b634e4b6b63516f48632b75684a5a677a6b59694d64534978464f61694d416637775352684b675a6b77547a62535353434b4f534f70574d586c796e6953544544584942457378614a4a49494d3550614a79504f645a4e4d50482f3736312b6969527443676e6b5069535443696f514f5864317646456d496d2b51434a4a672b4a424c486a756f67564b4738544569674d5353594f354249484c75532b45575a31497a704a726b41436561505343534f6e516b6353715962685a4b53517531345367567a53674b4842504d467555676b4158596c4c354d47353739524b723750732f70624b686567366d5546762f33327630773438415351436b39304141414141456c46546b5375516d4343, 'a:1:{i:0;i:1;}', NULL, 'a:1:{i:0;i:1;}', '2018-10-24 21:24:53', '2018-10-24 21:24:53'),
(8, 'phanthinhutrang111998@gmail.com', '$2y$10$n6SiwrlyBQGozjXaSTTrCeDAAtTYuN4jpr5gUoeVMopVOT0zmjd5O', 'Trang', NULL, NULL, NULL, NULL, 'a:2:{i:0;i:1;i:1;i:4;}', '2018-12-14 14:26:58', '2018-12-14 20:34:09'),
(9, 'lqv1119961@gmail.com', '$2y$10$1HGqC6TPnIFm0oQgMBX1XegLlEC7UzpntJI9n7R9/KZiPYyK62rG2', NULL, NULL, NULL, NULL, NULL, NULL, '2018-12-17 15:48:00', '2018-12-17 15:48:00'),
(10, 'cc@gmail.com', '$2y$10$JXW2W9DPitfcQZvVIUiEBeHpkCv0Pojf58YouCWiVhgPlVykSpJJG', NULL, NULL, NULL, NULL, NULL, NULL, '2018-12-17 16:39:30', '2018-12-17 16:39:30'),
(11, 'ccc@gmail.com', '$2y$10$WIphW8R.S7/jTkGznBw39u0L8vTj2FiiR/9KicvviV991OhXt9bve', NULL, NULL, NULL, NULL, NULL, NULL, '2018-12-17 17:01:52', '2018-12-17 17:01:52'),
(14, 'lqv111996@gmail.com', '$2y$10$K6WwkiN2psXSXuwTOHNqFOR3PyhtFxooymDBq0WNf9pvpIkOdC/dm', NULL, NULL, NULL, NULL, NULL, NULL, '2018-12-18 00:15:04', '2018-12-18 00:15:17');

--
-- Chỉ mục cho các bảng đã đổ
--

--
-- Chỉ mục cho bảng `comments`
--
ALTER TABLE `comments`
  ADD PRIMARY KEY (`id`);

--
-- Chỉ mục cho bảng `forgot_password`
--
ALTER TABLE `forgot_password`
  ADD PRIMARY KEY (`id`);

--
-- Chỉ mục cho bảng `register`
--
ALTER TABLE `register`
  ADD PRIMARY KEY (`id`);

--
-- Chỉ mục cho bảng `status`
--
ALTER TABLE `status`
  ADD PRIMARY KEY (`id`);

--
-- Chỉ mục cho bảng `users`
--
ALTER TABLE `users`
  ADD PRIMARY KEY (`id`);

--
-- AUTO_INCREMENT cho các bảng đã đổ
--

--
-- AUTO_INCREMENT cho bảng `comments`
--
ALTER TABLE `comments`
  MODIFY `id` int(11) UNSIGNED NOT NULL AUTO_INCREMENT, AUTO_INCREMENT=13;

--
-- AUTO_INCREMENT cho bảng `forgot_password`
--
ALTER TABLE `forgot_password`
  MODIFY `id` int(11) NOT NULL AUTO_INCREMENT, AUTO_INCREMENT=3;

--
-- AUTO_INCREMENT cho bảng `register`
--
ALTER TABLE `register`
  MODIFY `id` int(11) NOT NULL AUTO_INCREMENT;

--
-- AUTO_INCREMENT cho bảng `status`
--
ALTER TABLE `status`
  MODIFY `id` int(11) NOT NULL AUTO_INCREMENT, AUTO_INCREMENT=48;

--
-- AUTO_INCREMENT cho bảng `users`
--
ALTER TABLE `users`
  MODIFY `id` int(11) NOT NULL AUTO_INCREMENT, AUTO_INCREMENT=15;
COMMIT;

/*!40101 SET CHARACTER_SET_CLIENT=@OLD_CHARACTER_SET_CLIENT */;
/*!40101 SET CHARACTER_SET_RESULTS=@OLD_CHARACTER_SET_RESULTS */;
/*!40101 SET COLLATION_CONNECTION=@OLD_COLLATION_CONNECTION */;
