-- Valentina Studio --
-- MySQL dump --
-- ---------------------------------------------------------


/*!40101 SET @OLD_CHARACTER_SET_CLIENT=@@CHARACTER_SET_CLIENT */;
/*!40101 SET @OLD_CHARACTER_SET_RESULTS=@@CHARACTER_SET_RESULTS */;
/*!40101 SET @OLD_COLLATION_CONNECTION=@@COLLATION_CONNECTION */;
/*!40014 SET @OLD_FOREIGN_KEY_CHECKS=@@FOREIGN_KEY_CHECKS, FOREIGN_KEY_CHECKS=0 */;
/*!40101 SET @OLD_SQL_MODE=@@SQL_MODE, SQL_MODE='NO_AUTO_VALUE_ON_ZERO' */;
-- ---------------------------------------------------------


-- DROP TABLE "comments" ---------------------------------------
DROP TABLE IF EXISTS `comments` CASCADE;
-- -------------------------------------------------------------


-- CREATE TABLE "comments" -------------------------------------
CREATE TABLE `comments` ( 
	`id` Int( 11 ) UNSIGNED AUTO_INCREMENT NOT NULL,
	`id_status` Int( 11 ) NULL,
	`id_user_comment` Int( 11 ) NULL,
	`content` Text CHARACTER SET utf8 COLLATE utf8_general_ci NULL,
	`created` DateTime NULL,
	PRIMARY KEY ( `id` ) )
CHARACTER SET = latin1
COLLATE = latin1_swedish_ci
ENGINE = InnoDB
AUTO_INCREMENT = 14;
-- -------------------------------------------------------------


-- DROP TABLE "forgot_password" --------------------------------
DROP TABLE IF EXISTS `forgot_password` CASCADE;
-- -------------------------------------------------------------


-- CREATE TABLE "forgot_password" ------------------------------
CREATE TABLE `forgot_password` ( 
	`id` Int( 11 ) AUTO_INCREMENT NOT NULL,
	`username` VarChar( 50 ) CHARACTER SET utf8 COLLATE utf8_general_ci NULL,
	`token` VarChar( 50 ) CHARACTER SET utf8 COLLATE utf8_general_ci NULL,
	`experied` DateTime NULL,
	PRIMARY KEY ( `id` ) )
CHARACTER SET = utf8
COLLATE = utf8_general_ci
ENGINE = InnoDB
AUTO_INCREMENT = 3;
-- -------------------------------------------------------------


-- DROP TABLE "register" ---------------------------------------
DROP TABLE IF EXISTS `register` CASCADE;
-- -------------------------------------------------------------


-- CREATE TABLE "register" -------------------------------------
CREATE TABLE `register` ( 
	`id` Int( 11 ) AUTO_INCREMENT NOT NULL,
	`username` VarChar( 100 ) CHARACTER SET utf8 COLLATE utf8_general_ci NOT NULL,
	`password` VarChar( 200 ) CHARACTER SET utf8 COLLATE utf8_general_ci NOT NULL,
	`token` VarChar( 200 ) CHARACTER SET utf8 COLLATE utf8_general_ci NOT NULL,
	`used` TinyInt( 11 ) NOT NULL,
	`realname` VarChar( 50 ) CHARACTER SET utf8 COLLATE utf8_general_ci NOT NULL,
	PRIMARY KEY ( `id` ) )
CHARACTER SET = utf8
COLLATE = utf8_general_ci
ENGINE = InnoDB
AUTO_INCREMENT = 11;
-- -------------------------------------------------------------


-- DROP TABLE "status" -----------------------------------------
DROP TABLE IF EXISTS `status` CASCADE;
-- -------------------------------------------------------------


-- CREATE TABLE "status" ---------------------------------------
CREATE TABLE `status` ( 
	`id` Int( 11 ) AUTO_INCREMENT NOT NULL,
	`id_user` Int( 11 ) NOT NULL,
	`content` Text CHARACTER SET utf8 COLLATE utf8_general_ci NOT NULL,
	`created` DateTime NULL,
	`role` Text CHARACTER SET utf8 COLLATE utf8_general_ci NULL,
	`image` VarChar( 100 ) CHARACTER SET utf8 COLLATE utf8_general_ci NULL,
	PRIMARY KEY ( `id` ) )
CHARACTER SET = utf8
COLLATE = utf8_general_ci
ENGINE = InnoDB
AUTO_INCREMENT = 55;
-- -------------------------------------------------------------


-- DROP TABLE "users" ------------------------------------------
DROP TABLE IF EXISTS `users` CASCADE;
-- -------------------------------------------------------------


-- CREATE TABLE "users" ----------------------------------------
CREATE TABLE `users` ( 
	`id` Int( 11 ) AUTO_INCREMENT NOT NULL,
	`username` VarChar( 50 ) CHARACTER SET utf8 COLLATE utf8_general_ci NOT NULL,
	`password` VarChar( 255 ) CHARACTER SET utf8 COLLATE utf8_general_ci NOT NULL,
	`realname` VarChar( 50 ) CHARACTER SET utf8 COLLATE utf8_general_ci NULL,
	`phone` VarChar( 12 ) CHARACTER SET utf8 COLLATE utf8_general_ci NULL,
	`avatar` LongBlob NULL,
	`followed` Text CHARACTER SET utf8 COLLATE utf8_general_ci NULL,
	`follows` Text CHARACTER SET utf8 COLLATE utf8_general_ci NULL,
	`following` Text CHARACTER SET utf8 COLLATE utf8_general_ci NULL,
	`created` DateTime NULL,
	`last_login` DateTime NULL,
	PRIMARY KEY ( `id` ) )
CHARACTER SET = utf8
COLLATE = utf8_general_ci
ENGINE = InnoDB
AUTO_INCREMENT = 33;
-- -------------------------------------------------------------


-- Dump data of "comments" ---------------------------------
INSERT INTO `comments`(`id`,`id_status`,`id_user_comment`,`content`,`created`) VALUES 
( '7', '43', '8', '1', '2018-12-14 22:39:09' ),
( '8', '43', '8', 'quá', '2018-12-14 22:39:25' ),
( '9', '43', '8', 'ahih i đồ ngốc', '2018-12-14 22:42:37' ),
( '10', '45', '8', 'Hãy trả lời tôi tại sao em chạy được', '2018-12-14 23:35:14' ),
( '11', '46', '8', 'Test button comment', '2018-12-14 23:43:23' ),
( '13', '49', '1', 'abc', '2018-12-18 16:06:54' );
-- ---------------------------------------------------------


-- Dump data of "forgot_password" --------------------------
INSERT INTO `forgot_password`(`id`,`username`,`token`,`experied`) VALUES 
( '1', 'anhvietcr@gmail.com', 'g8WCHAGRMH3M7YQcui5EDkYAZ', '2018-11-07 16:07:24' ),
( '2', 'anhvietcr20@gmail.com', 'l0BD6Lt5n0pvckBGpzlu1DSsh', '2018-12-19 12:40:28' );
-- ---------------------------------------------------------


-- Dump data of "register" ---------------------------------
-- ---------------------------------------------------------


-- Dump data of "status" -----------------------------------
INSERT INTO `status`(`id`,`id_user`,`content`,`created`,`role`,`image`) VALUES 
( '1', '1', 'Status đầu', '2018-10-20 23:26:34', NULL, NULL ),
( '2', '2', 'Tự kỷ viết status nè :>', '2018-10-21 20:09:33', NULL, NULL ),
( '3', '2', 'Final core', '2018-10-21 21:06:19', NULL, NULL ),
( '4', '2', 'Final1 core', '2018-10-21 21:06:28', NULL, NULL ),
( '7', '1', 'long long long long long long long long long long long long long long long long long long long long long long long long long long long long long long long long long long long long long long long long long long long long long long long long long long long long long long long long long long long long long long long long long long long long long long long long long long long long long long long long long long long long ', '2018-10-23 21:36:28', NULL, NULL ),
( '30', '1', 'done avatar', '2018-10-24 00:02:55', NULL, NULL ),
( '31', '2', 'tui việt nè', '2018-10-24 10:20:03', NULL, NULL ),
( '32', '3', 'status dân IT', '2018-10-24 12:56:04', NULL, NULL ),
( '33', '6', 'tui nè', '2018-10-24 21:18:54', NULL, NULL ),
( '34', '1', 'chasn quasd di ', '2018-10-24 21:20:11', NULL, NULL ),
( '35', '7', 'tui cũng biest viết status', '2018-10-24 21:25:08', NULL, NULL ),
( '36', '7', 'hiih', '2018-10-24 21:25:12', NULL, NULL ),
( '37', '1', 'mưa chán quá', '2018-10-24 21:26:15', NULL, NULL ),
( '38', '8', '1', '2018-12-14 16:50:15', NULL, NULL ),
( '39', '8', '1', '2018-12-14 16:50:16', NULL, NULL ),
( '40', '8', 'wds', '2018-12-14 21:12:56', NULL, NULL ),
( '41', '8', 'fdsf', '2018-12-14 21:13:02', NULL, NULL ),
( '42', '8', 'sfd', '2018-12-14 21:13:09', NULL, NULL ),
( '43', '8', 'rêtgwe', '2018-12-14 22:22:50', NULL, NULL ),
( '44', '8', 'ừesd', '2018-12-14 23:19:36', NULL, NULL ),
( '45', '8', 'ewtsdf', '2018-12-14 23:34:54', NULL, NULL ),
( '46', '8', 'Test role', '2018-12-14 23:40:54', 'Chỉ mình tôi', NULL ),
( '48', '32', 'status công khai', '2018-12-18 15:59:23', 'Công khai', NULL ),
( '49', '32', 'status bạn bè', '2018-12-18 15:59:32', 'Bạn bè', NULL ),
( '51', '32', 'status chỉ mình tôi', '2018-12-18 16:00:40', 'Chỉ mình tôi', NULL ),
( '69', '1', 'asdsad', '2018-12-18 22:34:52', 'Công khai', '/inc/upload/1hxT8C6me4wday-1_42077166470_o.jpg' ),
( '70', '1', 'czxczxcxc', '2018-12-18 22:39:52', 'Công khai', '/inc/upload/1Ie8KRRhyh7day-1_43885894891_o.jpg' );
-- ---------------------------------------------------------


-- Dump data of "users" ------------------------------------
INSERT INTO `users`(`id`,`username`,`password`,`realname`,`phone`,`avatar`,`followed`,`follows`,`following`,`created`,`last_login`) VALUES 
( '1', 'anhvietcr20@gmail.com', '$2y$10$wUHp4R3UUPN7m/5axdicr.9WC1OQIIx2JN5qECySt0u/mYhmIfsnm', 'admin', '0125698569', 0x6956424F5277304B47676F414141414E53556845556741414152494141414479434159414141434242456F564141414141584E535230494172733463365141414141526E51553142414143786A777638595155414141414A6345685A637741414473514141413745415A557244687341414265625355524256486865375A304A6A697A4A635553487641423143517167376E3857435A4175495A3167394931736B3379637365385261513849644864564C724734762F544D71766E7A7039392B2B2B333358303049495A7235383839504959526F52694952516E516A6B5167687570464968424464534352436947346B456946454E784B4A454B49626955514930593145496F546F52694952516E516A6B5167687570464968424464534352436947346B456946454E784B4A454B4962696551682F76302F2F2F766E4E79485749704538784C2F39363739494A6D494C2B6866536842446471434A354546556C596A57715349515133616769655252564A57496C716B68454569736B504D77466549322F4377456B45764633576973594355554133646F3853713059576F576757796742564A453841684E36644956514B6770375875796A5375566253435162795356705454497965582F2F2F6666662F76516E4C4F732F672F64537850596A716635366B51444A354474494A41764A696350534B684551456B4A4F496A4669636F6D4E6866316D6E3062514B30417848346C6B415455434153304A474A4E497130424368424C576A323255534572374C596D63675551796B5A554349556773764D6166732F414A624D654B636644766B6A4831396C4D793259382B745A6B416B716847496B693245524B787A4A5149775048744F567247344938683771564B4A46723450437345347545566558595645734C48424D61444F59694E6939757637716559533957744452622F502F37726633372B2B67634D474162475638764D576F486B5343576A7863373743636E4A3965643863417A342B32392F2F63766666352F42562B5075464970466B6B7155336743355051684B4A56496968686951424F66704247476B734F747068544A544A684C4A586F34515359686241714E45496A30434161654C493052494A75544C3866497158534B5A5761706154677953456F47414C307245777257726B596D396653364E4D596C6B4C395766326D42683263444B42555253375534734A45534A5243435172307645556A73587464752F4E46633363735848763134672F48746C38497753534F3434484E504B736333456A73504F6933396F4C2B366D5343537877456331736A76676358363257597753434968745A38637763797737694930484D7046513371446F47516D54774E3676746B706B6C6E7843415A6C4B37424A4B42414A617A2F4F614D484C774E746A50713430727269506D4E4252334B5662655A6F732F306E787263314953784B357143455332576B7232695655584D54426E7474304B456A6257556E444D66733547565355337A2B6E7456496E6B78444B307445383155696D5653416F72444C595A354A4A334A4A524661467A32397861776A6966476C796A6A696F65746F306C4A7055636950726C324D554D755669416576465A3654753666456E464E6C53664F344771526A4C6943575847305349544A46557177484C7A437334326970533870304C66634D66462B365268344C416E6A485A61495A4853696746466C4D494F3556694A496870614535567967385269747835714E3757634A32413762372B54456566774379796F5342746C4A4331306A4566764A5163735961704E794E2B78726258394C742B6432716B726559496C49526966506947716B4A6F4168455635706138646942634A392B54755032554E74663070676633747047562F70523733694C4A5A564A434F535A67613561675443596439726B34734A47647350723538304C7841302B3777436E6F645374334D7437674B726C6F30616D327974567777474B494931644978527A7A784B594F446D4A4E4A6169645475737A4A355932442B4D532B596B354656515735736E437543382F763171653250503661597A2F4A6E4A41424279376161476F6D51576F6C672B357039374E7A73594D63364544745075545552353149746B7446427431496F4D79554345614468324473547378565749304B30674D74674E6C4E38674C5757766A31583352464233694B534569675153387363345467316C6377494B44324B704856745935534D695848424F625472314471505969314646516B586469666F5130382F6248436D794155754B79693255524A356C5A4C624E6F726D68446754625252564A474255737669725434785A515A553662346C454C4F6A6A61496C67666C5A564A5279504863634D435A614D796361466C58354C66334C6945754D70666B61792B6D714249417131586179517945723865456A73645346534646636B594654696C46596C4937425874785335736469724E786774455876564C726D4339324B4634615534576F696C342F4756425072553068642F484447665A522F2F576868557136756356717845454E796A4A66493674564C303879764F70306F6B7479512B695655506E705149764551386F7953435A4F4F563150342B41332F376F735156765652584A46596D50694272754B457157535752455034712F6F5679336361453548595857323574566B42427456596A4F795469356245536A4A4D4E3068725A785073306959524A436C367353757959576951535371625778754E68727668334C2B7A2F716E6E333478487638577846556B4A4943446B7859682B62474B453267316E485A525543494530494B3956793550615A4E5134792B2F676944476139755A3632562B756555702B4C6E37734E4B63556D526F70596E2B3174545174496E70714139736C6D345846533237534359324F4F4D4537384C466E446B6E48462B6C6F796C7437786C7652506A4F6549696F5242303571344D306A314266314E4E57357A4536567A6E787458367632534F65453245734A6464496E45426C2F5073354964704B362B654138426A617330667671324370744D4D78494C59384561636B773452383935556E504459362B635037474F593536524D4D423671784C7558337562464571676E747531586E782F5A6965676E53386D6657684F415072692B794E42664A74756B597973536B624A70415762434B6B6B476B306F416632355A796170503759584D4F63694E422F596C79304639353035447247583452584A44544C5A57576E6B73416D374D7645774A3541493568302F325378574B71466D3861394C496D387A524351374B6F67513749645067466F59394434356173467866414C784E662B65547A6F302F4732336D51326644646E3178467979507A6B34426F364432483339652B494E706A776A75666B574236442F6C46456F4D577068496F615330522B66322B43313050597277486B783935782F7269664845477557304F73377879546D4D6B776B6F354F654162644C4A7342574E72307938595145776A47666B48413450385A76685A4B44592F4239353168336A306E4D59307046416E717245724172384F777A6C4A457959554C5A342F6A45367A334853506A63424D333376615366334E365055627A48554A484D7142345167447571456E744F4C7850665175533243776B453762536B67307A34374D543244542F7432454C4E62692F655A6C70464D7072564D6B4543654A6C596F566843535253436965575443397548586A38644F35355157303173337356384D5050445639776D6E4C314E36414642456B746B6773545062514E712B7354674442325878776B4663433652374434376B75356B4F44653138784A614237474761796F53424E574F577879636C2B646D3833416232334C55624376453655775269553232455139644C54746B416D7A695579693441756F714B4D5445696D5247777650717655736D78456F466A554A4A4E5346655A736D747A6569714A4D524F75586978684A6F514C7A4E564A4339584A534B4D71724276737578683638697152444B3541386E6B4F30775869553332553254436675446E697475754C2B46763557706C777533744D5571517450617972434B5A5357396C41706D6B41684876325362532B446E797374596333676B76457147325243537A71354A5A65484677306B513971767A4F682F456461796D575653537A6E6D666B4268676A6431583037376565353274773376684E5950363033774C57584F3642516F69314872447179316256667331383146666E69512F674842436233525A2F32386E453866412B4264673730562B416134433551675669353768454A48622F57726A766C786B526F36325634394A6E4A4C59716D565871326E506B61506C76626B515A6F5856495355546B7764796C57672F4978353663664F4A68713664474A694873684A5A574F46386E5645316F37747277676D43625161394179484B527A4B704B2F455333796954554A78356256556D596B455438657553716B6441787842776F6A354835743655696D536D5430717467614C745158336A377777435854503549536743594F37615A614533797A4A4348355968626D3947446F79527171684C7359376648337A34424A4A4D2F556C7046594C76634E694A4F54377A4E6C49646C6D306861627A315332416B726C556E7431644C4B354B744373574D764555534A6149426B4D343556416946624B354A5A747A6A41486A736D6B39513555344B784166386C6F6669784B76486E672F6D756D65665641694648334E71514752505163707454416862334B30494A4357535552486A63556366374B7273455172614C784364343632543054434B724430716E68706851624F4C6469682F48534947496365775543446D6949756D5253573562534B4B6B4B716C395675494A4A646D74516C6B6C454A3544636D6F4473582B43524D4252747A613163424A506B516C6730746E6B59474C61354477523330632F446E454F707769454947714F6952522F6135464B374E5245556859346E6A30476B36546D50434E49435752336F6F623674714A50504F2B496336586D393062736E474273666F354F6B77673471694970766355706E556776694A4B715A41594942445950416F567442665A382F707978506F37476E6A66574678486D52496B41724E3738794B6B6B56544755544352464555734B427130397A2B79714A455A704172556B654D6D7856346A446B2B7458625A39656B3541645038624776302B56434C6A7147556D4E524C794D4C467959315A564A435053464C51554371726146734F664C6E584D47374A6676682B314C724F2F69584C426936364F70674A51495575537145634A67506145714B61456C75584A7A73426F726B52536C3234455870654F6C69723950726B62417352584A3747714269325850632F4A696F622B313753527145703539787A347669754A467276373431314E616A524275643849747A6C656F585273416D554479766F6C7A4F466F6B4F784A634154716531716F694A3530767264584A743933672B49716B5643613131596A486E6B63794751636C30726F7533412F72732B50434973713434745A6D6467445A5942586A38424C427A356271704656437233467956664C554D354965764578556C59796E3952594853505A6E633431495567484539337176584A4C4A4F48707661554A494A762B6F536B3673544B3671534759466B4951786C705245384A6F716B334A363532735631392F613946596A2B4549616A6B475A2B4543565A4F715955596C34766961544737684F4A437543527A4A7059345645784A6C63575A457777666D7A39657630774E3576576D486F716C634F424C4B362F4A61737A754C36577876512B2F434A747A63654B784E564A57464B42594C746C507A7667696934656E564842436554675A574E4656507176612F6A4A594B3169416E44766837627067586668786677632B506E612F64464C5854527655346B766E6F59455A414D787067736375392F4563344A35742F2B446E7A67412F746136503157654F3658534D30645743475331433039383843435652697A6F6F757749686B646A486143556A4C35736B6873346C6F78415074334B686C43372F64672B2F514371626B446F305443504C493552554B7953494556474C65696B2B4867526F73454D4268356A7068497746646C34684D5738323966732B766867392F2B37642F727866667264767A632B506B3638586E6474522F2F6A677A4545767A35767654774659484D5A4C56584B6A73486D4A2F53684236396471746A345456384E644C4345352F617A43416C436B3738367A4B7841756C46796634323134674556384B5A31556A4A4D653032723876454367527A62797552474A6766376D642F5838474D6D506743694F4F537463326869695242534249786D6277694646754657494677724A615A596D39424D746E4846534A424D4B384B32747148714F69584663714E5542363543754C30716752494A7632454C686F357268444A4B6F6D55426E366F4878544B54544B784363387857566C7754436C43633145366A374D4939556E556B5674337A7A57334E6975447731596C4B5447457274425941435152397350506E516B56672F33696E504C76304868734E516871413277484A3837355454414F61745A617A30676370566454624A6561614C7A4842574769327259616632364F4577322F68795269796233763466464C35314F554D6272693952634B6774646A37345734516951497870326B46692F554E7935434369617862614D6F4F545A6653383274443654574C2B4874586A2F52446D4D674A7852564A4145512B4B556D42726C6B354D385775625330464F69726252364F32306F4576314D6973663143594C74636630617A2B6E7866674C4762796F6E6A52564961744475494A5570717771314D754542736F3243797378483775776569734255487873412B745659693469305144374859526861636D366D2F5341582F6243414A6D2B4368684D493236434E75662B776B657A485978415463316D2B586F6957684B6271536565533237425037484273334B443375696E566B6E3237487A35576476394850534943507A52796832443236496C6B52664C32676A7A344241536337522B6C32746142503746664A504D613254636D7A46447448346E345135326732646F3856535532677A674A394B453330326D716835676F41616F3576706441366A786A33435773677A6F557951645044317346595153443555774C6774715779417042457274554B42507341376C4D7278524A77624A356E426A4F504C6549676874474F464D6C4A56304C3042596D655369346D696430476B3876674475334C3130706B597666487558776A2F753853764554774E3172746363533355555579416372426773536B6B4367472F4D785649315969496277496167684A424D79534349374C6334786B786A46464863654A5A46595139314354414462786256565351733074446B48666175634D66574B2F754B2F2F57346761564A454D6F6B51326F53543172316D5A354B715257717841674A554966672F31627A5368632B546D545A7750566E422B394653774970686259634C46434C3266323864694532726B50506845746365753664394D57767668782F594366683773334A7A77505A49515231556B4A775230442B682F4B476C4C6739324F482F7659566B4E7358787A666E38502B4C55517252346E45422F35706C4569684E7A466A2B334E7553706F48782F5448785861396652304A2B684C7165347261376355386A6E7847636E4B41744152384B78524162634C622F66792B364474613754474653484873773159472F4264686B74733573474C4974524138566D7162336142665831337A327A6E2B55787562544B6451472F413943634A39572B65422B2B4534614B2F514D6864694873654C68487774634A6A3056674A6F46454E70343336337744474B753768474A49444A63514B37417035694B473033676E366E356C61694F592B7252454A4F455570766F696F6878416E674F7951743336713258436B53636C4D6935713679495736744B4559526D692F4A3930797546676C41594C306358462B586966682F5A6E797264525458693453384C705376597466304B2B7437347A696645516D52554E374156324A6130374E35546952456766634F5773767A6556596B674E584A4B59476F35783369565A34576955565874667551654F2F68575A4567434E6B495A49496E3379632F2F52626952703452695257486C51656B59662F52466E3778526B495259687A586938534C77384E2F726841796F56416745797355635336707452586E634B564947467774516561726B393676426773684C684F4A72543777732F5142717639486C473131416E5938694D55355730516F78496C6349354C6570494E4D3249675643684B6251746B6846684648776A32665A7836326A6749536756776B4579484B6B55682B5957397A414A2B6253435A436C484731534771656B355243716544594D343476327444747A646D6F49766D42416B4531596F4E574D6845697A7A5569325A6E4D6B6F6B51616136765345596D75663045783650535772774D59722F6E4F31573674646D457843526534704D693856395173365371457245587966646372684A4A4C4C6E3144454F4976656A574A6F486B4A45515A456B6B4133743449496370345269537A626D39556C5A79466E704F6369537153434B704B68436A6E4F70476F517667325776387A55555753514238464331484755794C5278384243744D4E7674375A387778565A64393354713951444E34696B3949466336622F58796F6E566737373976487968734264434732754D365A582F7672435653636E7A7775647562657869695064345565595930326E6A676A7A59537171554B305779537851536C426A4A6951494A555349555A4D6156696B3874414576424844576C49696677686F562F6E64754558684D7A484A7664682F46387976383678636F45676746506967535579455169755A65545A644954497A6549784D4B38304D652F686679666551384F594C45484A4C6C7458344B335064654B5A455243702F34354153465337424448796646363761304E7943306953384955766C7A3044354E5969666A5877636F6745762F4D797570773156707A54505A384E6F3550764C30427A346B6B4A6F2F536F4B4D345975685A79546E4D464D6D75396231524A4B69556E684A4A54434978576864464D746B50316935554A625A79796C726549684A2F6D33583177315A4F4F716956694C674C4A4A42747653425762424E6C514343685A7A5658567953576C6D426F445568564A484D70585A6561697553577454713149736B39364C31654A4B3042307273676B736B34656F5565343861314F56456B4F596D414A7971536C6F4352535062514D2B387669734F5445776C594A5A4D53675A416E5247497044616259597553433158367149356E6B6B546A714F45456B4E514942364E397A49706D4A2F326A594272706B30682F67587853487030516B59495A4D737339426676726D5164386B456B66736579514B386E396D5244436E3576574C6337704C4A4659694B5748452B4A78494D426C3245526A4975532B69675338482F616A416C546A536C497145394B354C614431613175467A496F6E646E7053494A4154336679304A566F67445342352F4A43515345487664676A566A5A6548584C37594F546449495643796645776D7730756756436268644A714F6B4153534F506C4C435346556D4A4A546B6F4858655938667A5343516646496E456353343263584D79435356357A3379585369505972312F74637976747066477954455A4B41306763632F484A48457A616E32313253534F4552504B4C6C305179576877674A512B4A59797849634D7970546654654F5234746A52415379533947694153736C736B4D6151434A3478787171343856306767686B667A6946704873454165515050595371303532535350454A3055437244524F464D6B736151434A347A354F6B6B59496965534833544B524F45514F4C354F54316B30692B57476C53475A4B41306763596A555379512B6A52414B385447614C4136546B495847493255676B503877517959686A785A413478456C3856695267746B78476969516C44694235694A31494A442F6750336269773678524967477478354934784531385769512B4758654B524F49514E794F524746614B524F49514C2F46706B51436273505A7A2B686B7953636C44346841336F3472454D45736B4953514F38524B6646556B6F6B5874466F747356385656556B5268716E354755694D504B5353495272794B5247484969616130346346784A524C794D52474949695554504F595449382B65666E352F45336E614538424B424F4777545176794454347645517A6C5149434D2B755248694330676B685951714546513062454A3847596D6B41337562593656696D78426634504D69475A5873566971326562477743664553716B676D4535494C576B677561454C6369455469514A49442F346E4E36435433596D487A596D4554346D516B6B677043435934326B7042633047616656346765454932662F304945456858773331614E666679622B6E4B61683865635355776D4B383474684555692B53483062646253373546494D4F4C725343512F784B715031692B6C6E535958494D47495755676B503477575351774A5272794948725975426D4A6979344545393230474545616F686336504A6F5248496A6B454B7867304A484B496C596E747863495736674F612B43345379614867457951764676774D4555707174466C34736243462B6F416D336765727242766858345353644E5A7A4573754963357A34334D55536B386D4F766F6735534351476E3879704242306C6C356D79756C45776B737564534351476D387731535168475642517A5A4F4B3555533541676A6B62696354415250624A466B7277306F51736B634E4B6B63516F48632B75684A5A677A6B59694D64534978464F61694D416637775352684B675A6B77547A62535353434B4F534F70574D586C796E6953544544584942457378614A4A49494D3550614A79504F645A4E4D50482F3736312B6969527443676E6B5069535443696F514F5864317646456D496D2B51434A4A672B4A424C486A756F67564B4738544569674D5353594F354249484C75532B45575A31497A704A726B41436561505343534F6E516B6353715962685A4B53517531345367567A53674B4842504D467555676B4158596C4C354D47353739524B723750732F70624B686567366D5546762F33327630773438415351436B39304141414141456C46546B5375516D4343, 'a:4:{i:0;i:3;i:1;i:2;i:3;i:8;i:4;i:32;}', 'a:0:{}', 'a:5:{i:1;i:4;i:2;i:3;i:3;i:2;i:5;i:8;i:6;i:32;}', '2018-10-20 11:55:07', '2018-12-18 16:01:37' ),
( '2', 'anhvietcr', '$2y$10$YmDAFgAGXnN.PnBJ9tEUC.bv8InhxLABfPyNjRaqEmkvCmDlCHASK', 'Vieejt', NULL, NULL, 'a:1:{i:0;i:1;}', 'a:1:{i:0;i:6;}', 'a:1:{i:0;i:1;}', '2018-10-21 20:08:31', '2018-10-24 20:32:08' ),
( '3', 'danIT', '$2y$10$RLNJoX1DebqNuo6k/BySjuIf6/Nkvfn0WR53UWtDNtUdrQmqiY9oe', NULL, NULL, 0x2F396A2F34414151536B5A4A5267414241514141415141424141442F3277424441415945425159464241594742515948427759494368414B43676B4A4368514F44777751467851594742635546685961485355664768736A48425957494377674979596E4B536F70475238744D43306F4D43556F4B536A2F327742444151634842776F4943684D4B43684D6F476859614B43676F4B43676F4B43676F4B43676F4B43676F4B43676F4B43676F4B43676F4B43676F4B43676F4B43676F4B43676F4B43676F4B43676F4B43676F4B43676F4B436A2F774141524341433041506B444153494141684542417845422F38514148774141415155424151454241514541414141414141414141414543417751464267634943516F4C2F3851417452414141674544417749454177554642415141414146394151494441415152425249684D5545474531466842794A7846444B426B61454949304B78775256533066416B4D324A7967676B4B4668635947526F6C4A69636F4B536F304E5459334F446B3651305246526B644953557054564656575631685A576D4E6B5A575A6E61476C7163335231646E643465587144684957476834694A69704B546C4A57576C35695A6D714B6A704B576D7036697071724B7A744C57327437693575734C44784D584778386A4A79744C54314E585731396A5A32754869342B546C3575666F3665727838765030396662332B506E362F38514148774541417745424151454241514542415141414141414141414543417751464267634943516F4C2F385141745245414167454342415144424163464241514141514A3341414543417845454253457842684A425551646863524D694D6F454946454B526F62484243534D7A55764156596E4C524368596B4E4F456C3852635947526F6D4A7967704B6A55324E7A67354F6B4E4552555A4853456C4B55315256566C64595756706A5A47566D5A326870616E4E3064585A3365486C36676F4F456859614869496D4B6B704F556C5A61586D4A6D616F714F6B7061616E714B6D7173724F3074626133754C6D367773504578636248794D6E4B3074505531646258324E6E613475506B3565626E364F6E7138765030396662332B506E362F396F4144414D42414149524178454150774435616F6F6F6F414B4B4B4B41413961304C5732696C6A6A6B383379354B7A7574656866434C5137627842346F734C4B2F6A3832316B387A7A493636634C533972554D71745832564D345357326B6A5038417A307146546976726E567667313461767257574F31696C735A6638416E72464C357465412B5050436C31345531535378767A464A356B666D7853786638744971317134582F6E305A557356633453696969754536676F6F6F6F414B4B4B4B414369696967416F6F6F6F41536E416E74534265635630756E2B476269555253585837754B57756D6C68616C582B455A564B744F6C2F464F5A69465734725757542F4146555573763841327A72753950304F79693438767A662B6D6C644242705563662B7369342F35355637754634637131663470356C584F61564938776A30532B6C2F355A31622F34526E55762B655A2F372B56365235555555582B717168647979532F3675765166447548703037746E4B73367156547A6166534C36502F57783155654F57492F765935423961375337696C72506C394A663956586A56737370302F345A36644C48334F567A52577464324D63674D6B583775542F6E6C575938546F635078586C31634C556F6E6454712B3047555555567A444369696967416F6F6F6F414B4B4B4B41454665746673362F7744492F57482F4146796C7279555636742B7A762F795553772F3635532F2B69713763442F455A6C6966345A39595638352F744E65582F41473770582F544B3172364D7235752F61622F35474C542F415072782F7744617374656763464C2B4B654630555556345236676C6177736F782F7A31724A72626B387A393146462F726638417272585668665A663876544B6F565A624C2F6E6D542F33377148374E4A57722F41475071307632575157307373567A2F414B72797633745662753176624879767455563146356E2F4144316970653170422B394D2F77437A53663841504F6F764A6B7131356B6B582B74715747352F375A552F5A55782F76436752514469746F474F542F41467363636C5A6C726153584E7A4646446E7A5A4A424848537130765A437056626E725877583844526176464E726D736B783666484A355674482F7A316C72306A555041467A4635307373763732542F414A5A567436645A523266694C5266433971542F4147666F64746D58792F38416C724C586136726452785266397371397A4356716D4632504778587373562B3950454E503051747168696D6A2F77425658534477784635586D7978532F76613662776261785336706479792F36714B7457376C6975526478663838764B2F35612F774462577654713570553972374934615746704F6B65536133706B55582B716938723937575671466A48485932766C532F765A6137767850612B625958666B2F765A597633766C56356A6633786B3062554A5976336B566A4C464C3576384130796C2F6456366E317239306371776C5832706D79785266387461774E5174504C6C2F365A56616C7670522B372F355A53316375592F4D38485233336C2F36752B2B792B5A2F3279727A4D5656705654304B4E4B7053334F59717264526562462F77424E6F71315A6F764D746F704B7A2F774456537853563439576B656C53716D414F4B4B74616A4835567A4B4B71563464576E374B7059394D576969697368685235556C46486D31596962795A502B65636C4A35556C45567A4A48562B485535613270557164556A39345A67487658717637504567692B49326E6954704A484B5038417946584852587476496633305555762F4147797133462F5A70367847502F726C586668634C66384135656E4C567136483270587A562B30312F77416A5A702F2F414634662B315A61786443385258326D7878526166726D71577355662F4C4C7A664E696F3854472F38585855567A71757066615A6F6F2F4B692F646638737137767146582F6C3063767461564B7165566B6E76545258543668345A6C746F705A493559726B5266367A7971356E484A46654869634A5677727455505470566164622B454A442F726131316B695336696B756F354A496F7066337355645A4D58336F2F7257784262777A337355467863513238556B6E2B736B6154793471782F35646D6830304D4E6D3864764A465A656441424C464A2B37697553662B656B762F41437A2F414F32663072574D766B61584D6B456F746253362B30573073666C584D5565664D3959764E696B2F316638416E46594A30665450734563734E784663672F367A374E6678526638416B4B583937565335734C4F324E716B7439634A4C4C48764B522B56636675764C36356A6C342F36356D6B4272616E717356774C627A3736485654477377456A335250377A65664D6B2F77424969367966764A52327A494D2F764B574F434B3530765445454E735A764E546B47326C4139656E6C2B57504D6B2F7742564A574C44706D6D58486C694878444645504D6B6A2F774250747059764C2F36612F75764E71435853635738567846655756774F754935664C6B543933356E2F4C5474554449504B387157614C39372F7261312F685262666276694A3465696C2F356158305838363532772F31557464523848706F376634702B485A5A6639554C334664502F5073792F774366703750385074546C7676466D72583073766D79797931324D4D747A4C4664793356744C46462B36696938332F414A612F383961386C3843584D6C72346E756F706633666C795331362F726C3135747035586D2B563574665656614F744A6E7A496E7734756F35622F4146442F414B5A56636D6974624731387654346F725747583937355555586C667661346E345133502B6C6168464C2F725A5936366256706639466F7130663841616D61557176376F382F38414550694735697559726D316C3871574B582F57317A66697332312F34582F746653342F734D736C7A464471566A482B36696B2F35355331663171786975704A704C572B7462627A4A50336B56314C2F71762B75565A65733273582F43485863576A616E48665178334D6431637865563555766C2F38396132782F73765A4477687A4670464666655646356B56744C462F79316C2F315574614F764A63326E683631735935495A64506975664E3832326C6A6C2F65317963307461396B4A6266776E71456B6E2B71755A496F6F6F7638417072584437582F6C30647970454B2F3867663841376131556E6A387578387A2F414A365356623069534F50796F37722F4149395A4B7A2F45583771356C746F76395646575657722B363971464C2B4A597864542F414E616E30716D61304C2F2F414673565A35727773562F4650586F2F7768614B4B4B356868525252514155555555414A6A4657784C4A2F7979716578307935756A39777046366D7576306E513761326C69383339354C2F30307230384C674B74553563566971564979744B302B39766639564835636638417A307275644F304B4B4B4C39374C4C4C2F774369714C542F414B5A5671773139316863727055715238786938777131694F386A6A6C3079614F4F506E797066335665542B494E49756444753437656639364A596F356F7049756B6B64657730373468614E4666664137537453504E3370467A396C2F774332586D79313433456546702B7A397164575334722F414A64487A2F48556B736E6D79564E46633471583754484C2F72612B55396B665246436B725768697470662B575656622B4B4B4B55787864714B3246396B4371584B6C4646466378715772512B57616D30572F4E68724E72657839595A664D7143307174585437557950612F47492F736A3469586373502F41423633336C5863636E2F58583937585533586961574B312F77424569696C38324B574B587A662B6D7463464A6653654A666837703936592F4D7639442F305357582F706C2F79792F774461745157757366364E2B386B697236764B38565372552F5A565435374630616E745033523048672F572F7743793965696C2F774258442F7A7A723050784E716B63555837722F6C7258686D715866326154375245664D4662612B496265367359764D6B506D78313355716C50327436707931614E52307442757433336D31513850367846706D7153793355586D326B7355735573582F50574B732B37765935502B576B565A55736C63574B78587461703359576C37493170644A3032542F56616E35522F353579785656312B57534B3374624C2F5752526638746638416E7057524C35745739566C3879574B322F774365566346577253396B6436706B734D666D3330556E373379717A37755837566653792F38415057577263313135576C6E39372B396C6C2F31565971755551534472584C6971762F4C6F36615649687535504D6C6C4E52436B6F4665525566744470466F6F6F7249595555555541537857736B6C62576E5773635837332F414673315A6C744E577A61484E6576684B564D346131536F6174704C577244574C61533171513139506861703431553172535872577244574A44307256744A6139366B654E564E43756830372F695A2F43487835706B73586D2F5A66394B2F39712F3841744B7561687270666878463575753672706E2B74693150523559764C2F77436D7465546E394C3275464F724B71763841744A346450613266326553356930307852342F3643636376482F3779714670714668424943326A3273347830755A5A662B656E2F41457A6B6A724C3143316B74627157326D346C696B3871537571757457516E544448714E776A577952482F5272614F4A497869504A482F54546A72394B2F50443755777275346A6536692B79326472626C503366376F79482F7742474771562F2F7249762B7564584E557568645863662B6C58647A46482B36456C782F774138367058503779574B747638416C305A6C54386150787133354D6638417A306A2F414F2F6C474C6173765A476732424D78792F53713359316F2F6159347639564657644A336F716B55395476506862716437706D7133636B50325753306B745A49727237562F71764B725958776C70326F79585839696173392F6452447A667370692B7A53797866394D7638416E70574C593345576D2B44345A5A62614735467A71556F6C696551346B6A696969342F642F7744585773574857626D4C564972364B57587A5970664E692F652B62355664314B72374979715533554F74385165474E4F61366874744A3145786B6E467839706B2F6452782F387370664E2F774365585370523448306D342F35416E694348574A59763962612F5A5A62615879762B6D582F50576F2F464E3744703273367263545738647A61585639356F745A4A4A497633586C2B62462F717A2F414E4E61346864556C4770783373636B766D78792B5A486D547054712F75716F5576345A325069487763746C596936735A6A4E434A414A662B6D516B2F7742564C2F31796C726C356261577869387A2F414A5A5331363350597836764E714D6C2F7163576D61564A6252582F414A666C65624C2F414B562B3938722F414C2B31696E2F6844626239354B392F6666764A4A664B6C6C6969692F77444956643331553566616E6D637376373339315871326D7957506748773561616E4E59327439346C3150393762525855586D785773582F505775623166784C6F736C7162625376443172612B5A2F79312F356131552B494E394A71666949334E7435636B4D6472466A79762B65645A65794E663467613134686C38532B6242716C686157312F49664E696C746F764B72695A4F766C6975776D69696B306531314B4C39333555766C5378566A61546F64317265715357326E7853536E7A502B57645A59716C564E6156517736414458512B4A6644736D695852696C6B3877317A34795478586D314B547075315131705650613630784B4B4B4B794E416F6F6F6F416D7454577061533169525671777931366545716E4C5770334E75306C78577246574C613171326B7466525957716550564E574B7457306C724B744A6174777931394653716E6C31546167504664423443757673766A72525A662B656C7A35582F66324B755A686C713362335832613674626E2F6E6C6378532F2B52616A483076615571694F62432F75717078337843384F2B563439312B78746253357570597233506D526638382F4C387971467A59574D576D322B37534934684A2B3845747A71586C7965582F317A3766367975362F6146736257322B4A6431633366324B5558326D78544A4A6365622F725039582F79792B6C656644554C4B4C53343459354E506A4D66377A79347449696C387A2F74724C2B39723876716E33564C2B475A50696130697462364C374C4659786953507A50384152626E37542B7459647A306A725838537A4336314B5335506B2F76542F77417372614B316A2F373952566D5858656A2F414A646756714B4B4B7A4E516F3832696972456452707475392F34657534307A4C4C59796661764B2F77436D5750336E394B3579757838426D774D642F774364637857756F6638414C744C4C2F716F3632354E396A6469556A77376258586535682F65662B51363958367237576B632F74665A474C34336C467A71737355455A3357317462517A442F7070464549704B3433427273767374744C7A2F4147392B392F317637332F6E72577244464446443573557668324F377A2F78382F76664E2F77432F662B71725372674B74557A2B736A6461383355356450746F704A592F4B73597258796F7639624C4C464655643364324F6D54523238766C584A696A38723744596636722F414C61792F77444C57715975354C57316C6A6975664E387A2F5779323058377A2F76375336686F64395A522B584E46396C4D74743576384172504D6B6C7276396C2F7A364D66384172365179366E4C645A7434685957496B2F77435763555646704C355639464C35586C6676664B75596F717A35596F34376639373557664B726131573238322B696938324B4B5735746F705A5A662B65565A55674C656B32463134683872772F70635837324F3538325757582F4146555665767757756D2F443777373556703555756F532F3874662B57737374633334643854614A3461384F525261563573756F53532F3632574C79764E6C727A2F572F45387570582F3732547A496F2F77447070585453396E532F696E4C563972562F64556A4C3864366E4C66587153792F363253547A613432747A784C484A4A4C356F2F31565A4E6E48484A2F7244697644782F3733456E7159583931534966776F2F43744B5054504D2F7742584A556E396A79566C3951716D6E316D6D5A56464646634A714A36316F576B745A2F725675306B785854534D717074576C61454E5A64724A57686179563946686170343956477A444C577244574C445772444C3172364C43315479367072576B74573544356C744C482F7741745A49367A375872562B477654716E6D624D6D2B4F356C3158775434463853576E37763841306157306C6B48722F6D4B577648704A4E57756249792F36624C44484835516B6A6A2F642B562F6D50394B39313854782F6176326635764B38337A644831502F414C3966766638413762586959314B336561475736697537324F4C2F414A36334A2F31582F50502F414C39312B57596D6E374B6F666459577237576B5A7435397633572F323737522F716F2F4C387A662F7138667538653370565337713571303974637A782F5A4C65533269696A387679354A504E716E71482B7169724F6C2F434E5372525252584D616852525251417362346B72366F506862536645486A76535A56736258374272476879537866752F77446C723556664B3051336D76657668786F5775584F6C2B464C364C584C71786C6C76706253786938722F414655582F4C57753344564F6879346F6B69384B36624C384472753969696A2F414C517474532F65792B562B39727474442B48476B3233784D30434F36696A6C682F7350375635586C2F38414C574C79762F6A7463707057686133632B48664855555774792F594E4D75705A5A626279762B506D5769434C784266585867612B3154784A64665A64583832316A6C692F3173582F4145797230585433314F5A467A785A4670746C384B39626A38754B4F622B334A664B2F6466394E61382F3841474F75793635716C334C612B624C44396D38727A61362F572F44466C61365A343774705A5A626E56644875597059705A5A6638416C6C584461336366627062434C54496F726D573574764A6A696972656A374C325838557A526B326C6A4C633330566A61522F6172712B69696969723137345A2B48624B4C346952574F7165564B62474C37564A4C4A462F724A6638416E6C5662777A6F567438504E4D2B3361704C464C7256314835586C66383871337668525A66626644766972784A4C2B39757A35766C5331704B6E616A714B72564F412B4A6B5674716669472F2F73754F4B4B316B6C2F31555556655751704A613352696B2F774262484A587032687978532B49347261582F414656637238514E476B30322F6D2F642F7743726B387174736652537065307047574571762B46564D7255592F4E747061352B4B75673075534F534D3572466D683875366C6A2F35353135474B702F7771703334582F6E305839446B3875574B756B2B79793179316E2F7839477530723063742F6848486A503468357452525258797837516E725573465265744C463172536B49314961317253577357316B7256744A6356374745716E6D31556256704C5772615669777956715179313950684B70343155316F613159756C596B4D7461304E653753504C716E596548592F37532B48586A2F5352782F6F5032714B502F746C2F3971723533747247786C746F5A5A4C36547A70503962484862655A356466512F77793538592F5A7066337632367875725879712B66723033326B36686436614A4A497A62584A486C4A4A783573636D4B2F4F73357065797852395A6C565839305A747A4646464E356355736B762F624C79714C372F56314C4A4E633330336D3363733073762F5057512B62554E2F384136714B754B6C2F434F2F384135654643696969754531436969697245644A34496A7370645A696A31442F56563733702F67627842706C31702B7065444E62744E547462475757573174705A6639563574664E6D6D57386C3564527878637931363971506872562F437567785831317263554D306E2B7174662B5774657A67623161646A7A73562F454E7130306A346B6548783467696930324C7974586C38323572426C3850654E526F576E327373663261303032353832326C387A2F414A61317A30586A72553550336431632B622F32316C714B58574E52314F574B32696A4D7376384131313832753269734D5A5650616B75755776694335316D376B6B76764E3154557066336B56724A35766D3136566F666832782B4765672F6274513871363171352F774449565461485957587734384F2F3276716E373356626E2F56563566346831692B38515838317A6453792F7650382B5654396C2B3839714C327457722B364B6E6A44784C63367864532F764A5A4A4A4B39342B432F6C2F774443687465782F72503332612B5A39516A4D5A352F6431394B2F41305A2B436669442F726E4C2F77436971343639537237533158792F4D4B7638493846753737374E346D2F356131364A38514C482B3239437462346638744976336E2F5857764C2F41425A462F7741546D57765676424E782F6266672B61326C2F774264462B39697231634E562F65314B56553563562B36705571783431704938713538732F36324F576F74576A3876557061312F454E714C4856664D2F355A79566E61314A6D2F2F6466383836386A4655765A55765A487130716E7466337149496639624658562F77427032332F507A58464353574B512F752F395A55663236342F35366D735959376B566A536548353363686F6F6F727954704369696967433161793171326B74596B4D707257744A6139504356546C71306A61687251744B7972537443307236664331547871707451793171326B74597470576861533137744B716550564F70384B5848326678566F4C6E2F6C6E6652563535386337482B79506962726474464835555573766D785631596C3872793559763962455970762B2F56552F32714C614D2B4F6244556F70504D6A76744E696C2F6E58793345612F6658505A795538622B30792F384150536F6130744B743437752F68696E6C3871475354456B74642F4C38504E496C68686B3072784E615379792F387370663356665030734C56716E753161744B6B655830563644702F7733314B56627553366D7472573174543555747A4C4A7835762F504B7562312F515A4E4B75635353655A464A2F713566576C3956712B79397143784E4E75794D527A5669474B57356B38754C39374C4C55512F656D765550687034486B314F354D74312B3668692F316B6E2F41447A6F7775472B733141784F4A39696A71766854345673744A735A746331714F4C796F76395635762F5057764E6669423476756645327354584573736F69387A3931462F7741383471367234722B4D4970496F744530627A5972534B764C394F735A623658793471395045314E6671314934634C532F356531524E4E734A627958596E5776665043656B61623443304F4C584E662F655863763841783752663874617A2F422B69365434583077367834686A694A4D662B6A526638396138363865654C3772784E716B7373736E37722F6C6C462F77413871616F303842542F41487044645446314C4C595A347738575850694855356271376C6C63475469502F6E6E48365673654874487674593065612B734C622F5262582F572F76613831353731372F7744733733503233522F45756B6E2F4146737474356F2F375A316A6863583753702B394C78564A55715768356671486C2B623563763771574B76662F77426D75543764344A312B782F365A3134463435747049726D4F5139492F335665302F736D33586D582B6F57556E2F414330745A442F35467254476675716C576B5A322F6333504666474D666C36345A5038416E70585166434C552F733271665A705A503355763771716E7857742F735069476150792F39586379317A2B683350326257497049762B576C62564B71703434505A6531777033587852307A79355A5A496F2F3841707248586C38306E6D53785637313472692F7466527253392F7743656B582F373276444E58692B7A616E4C482F77424E614D3570663876525A56562F356445476F6638414C4B7336744855502B57565A3165446A50346836734E683146464659466852525251416B50577443306C36316E39367432736E57756E436D56553643306C72567335617862575772384D6C6654345771654E564E75307251682F31745A554D6C61454D6C6537684B70343955314942356B586C663839617A506A626552332B6C65454A6750336B4F6D6555662B3255706A2F705770444C2F414B71754D3861706633747A6A4D636B4E6C2F7134682F797A3833393758427848523972533971642B532F78546C6244537237555A5A50734E744C636D503841353578357266302F773965785839724C6479783256724C4A46357373636E2B716A72735A727179384A2B436F7243306C6A6C7637364B4F612B6B6935387764596F71796642547836726433647871736B73647046306D6C696C6C696A6B2F36612B58587A314C43302F77446C372F46505A645770304F7038656137484E61326C6A3461747062587733592F367239312F726638417072584B5863555773615035586D78525332762B712F366131304F725257327065624648346C74664B2F36397059717465453761323850532F61597233527271362F355A5333506D2F75762F41434658722B792F3564556A792F6166387654697444384B583168665253612F62585668464C2F71355A597137547833347773644830482B784E416C2F64532F3632574C2F6C70586166323546665378573855756C3356314A2F7262362B75662F52582F414479726950694C384F5A4A4C6B334F6E795266752F384157786562356C59657A396C687659306871723761723757736553326C724C7156336779484D6E2B736B723133525044316A3451307550552F456B662B746A2F3061322F35363076677652744A3047796D3162565A59764B692F774357526B2F3561313531343738583350696255355A4A5A4A66492F774357556463332B34552F6131663468302F372F5674542F6845586A48784E632B49622B57575753582F726E584B455970796A42717A4259334D332B727435582F437649713161754B7148715531546F303745474B39522F5A37317950522F48385564334A6930755970497061347131384B6176632F366D326C7263306A777A714F6A337356354C4A62526D50384136615631596241596C31444C45346D6C374D33666974707632625539566A482F41443172642F5A53766F726278764C464C2F7931686B2F6C57643479316579314C796674636B586D787865564A574C38486236505450694270386B637637715358486D563657506F3371575A775957722F7378732F48324C50696A56664B2F35362B62586C6470636D4B5747582F6C72484C58725078586C6A7674597571386D387157326C2F65787978785366394D3635387A70657971556A5441566661306A326E777A66523333684F3673762B5773583732502F726C2F7931727A44786A626556665253663841505375673850584D747447664B6B2F355A2F38416B4B73627871385A6974762B6574656E6A313758416E466846374C46484D61682F7741733671564E4C4C3567692F365A314469766B5A79353363392B4777556331504846567147326A50574D314E4B6C37556831545079614D6D7472374E482F414D387150734D662F504B757236705646395A4D53705971312F37506A2F3535564A4659522F3841504B74615746716D6631716B52576C62566D617266325A482F77413836542B7A552F35356D76597055717449346174576C564E71477443475775522F7336332F414F65662F6B53716C315A4A48464C4A456E2B7272702B763161526C3955705654306D4735692F3536785266397461354478764C476454696B696C696C486C56794D557A47746E545A5A4C61627A62475578792F394E4B356175615663777065794E61575872436676556142767236356C74596F62474B4B36692F365A6636327568302F56376E54626256744D76624732747064583872742B362F3174636E7139397131393555747A6D5879762B57736457394F7659343755533356775A6271502F56522B5A2F71717A7066785471712F77414D367550534C5853504238747A716355636D7158556B67692F365A565A3158777A4C59364E2F7135593951696C2F77424A692F365A66387371342B37385179792B5662585837324B32692F6465562F7A31725138512B4F6453315058667474314635586D786556355555666C56705378574770484B384C565A7977317939696B4F5A44482F414E4D36375877703852704C592B567163684D4E594C52585674616E37647074763563736E37755351655635636C5361315933306E32574C5550374C6A38332F4146647A4635582F414C53726C39726961582F4C30327130734E564C2F774152745474626D47312F73755839314C2F7249713837556C546D756748682B547A764B75726D3174762B656373736E377557736D37696B74726D574B547938783177342B725671315061315470776C4B6E52702B79523250672F516F72694C7A586A6A756271543937355A6B2F645730582F4144316C72744C4F3474374B786D765A496F6A6178532B56464C4A2F79316C727A485266454E78704E6A714674614A2F78394479705A502B6D6670577A345A317933754E54302B50566638416A3074762B5764657A6C2B595571564C32564934635868616C562B304F76744C48784C34676C69387158374444632F36727A6633586D317444346361624646357571616E39706C6A2F77426235556C527961784A4C4661792F61544664366E2B39755A662B6555582F4C4B4B4B754A3857654A70664D6969745A49764B692F315556644E583266732F6131547A2F33745772374B6B64554E48384C57332B71387158797169457569526638414872464C2B362F35612B56586D734D757058332F41433879783161476853792F3632356C6C72576A697638416E31534E6175462F352B3154713956316E534A5039624C4C4C2F3231726B4E66316D32754C6357397235736C5776384168486F2F2B65762F414A436F476A57386653537562466657617072522B7255746A46734E543147326A4D6355666D526538644A6466617236587A6271756C467462526471787451314B4E503363496A502F584F75437253396C532F653154717056766131503356497737755079356633582F4C537164543363766D796D536F4B38536535364D4E69587A6E39617347346B39614B4B376152424E396F6B39616639716C2F765555556A4D5437564C7A38315366326A63663368525257314943622B31626E2F592F37356F2F7457352F32502B2B614B4B3654496164536D412B37462F33774B62633355733055336D484E464646582B45464D7854563230592B5A5252586A30763470326E546153787A562F7744732B33766639656D6670525258316C482B4565502F414D76546E4E517434394D757639474766392F6D7232712B4962322F744A494C6E79576A747A2B364154376E306F6F7278734C2F414171703254334D4C2B316231724F5342726D526F6A324A714A517A487954492B7A307A5252584E554F6731494C4B4B552F4F5850343175783666624B4F497852525856675034707931534C7845504930323445507968694D347269505769697363312F696D75452F6847676455765A493033334D68386E376E505371506D4E767A6D6969737170736939466454512F3674794B642F6156312F7A304E4646616D4B452B3358482F4144304E56767474782F7A314E46464655716D4E383257622F57537566787145555556356C5533466F6F6F724D5A2F2F32513D3D, 'a:1:{i:0;i:1;}', 'a:0:{}', 'a:1:{i:0;i:1;}', '2018-10-24 12:54:30', '2018-10-24 20:31:46' ),
( '4', 'hahahihi', '$2y$10$yItRCc/ncAJsecjYTvV3ZOXj1/IAcfUc71QrvG9h9NGx0DdvA2Q06', NULL, NULL, NULL, NULL, 'a:2:{i:0;i:1;i:1;i:8;}', NULL, '2018-10-24 19:54:54', '2018-10-24 20:04:52' ),
( '5', 'viet', '$2y$10$ZudY9AHwGrjah/28j.ZFHu3TENOckqfgL9q1CQa8GFxUD0h/d7QU6', NULL, NULL, NULL, NULL, NULL, NULL, '2018-10-24 21:17:09', '2018-10-24 21:17:09' ),
( '6', 'adminnnn', '$2y$10$IKaLz13TCj0b229E9GEnie7xFRw12tI/FoRhgymAa0Gij21ZvMgQu', 'Vieejjt', NULL, 0x2F396A2F34414151536B5A4A5267414241514141415141424141442F3277424441415945425159464241594742515948427759494368414B43676B4A4368514F44777751467851594742635546685961485355664768736A48425957494377674979596E4B536F70475238744D43306F4D43556F4B536A2F327742444151634842776F4943684D4B43684D6F476859614B43676F4B43676F4B43676F4B43676F4B43676F4B43676F4B43676F4B43676F4B43676F4B43676F4B43676F4B43676F4B43676F4B43676F4B43676F4B43676F4B436A2F774141524341433041506B444153494141684542417845422F38514148774141415155424151454241514541414141414141414141414543417751464267634943516F4C2F3851417452414141674544417749454177554642415141414146394151494441415152425249684D5545474531466842794A7846444B426B61454949304B78775256533066416B4D324A7967676B4B4668635947526F6C4A69636F4B536F304E5459334F446B3651305246526B644953557054564656575631685A576D4E6B5A575A6E61476C7163335231646E643465587144684957476834694A69704B546C4A57576C35695A6D714B6A704B576D7036697071724B7A744C57327437693575734C44784D584778386A4A79744C54314E585731396A5A32754869342B546C3575666F3665727838765030396662332B506E362F38514148774541417745424151454241514542415141414141414141414543417751464267634943516F4C2F385141745245414167454342415144424163464241514141514A3341414543417845454253457842684A425551646863524D694D6F454946454B526F62484243534D7A55764156596E4C524368596B4E4F456C3852635947526F6D4A7967704B6A55324E7A67354F6B4E4552555A4853456C4B55315256566C64595756706A5A47566D5A326870616E4E3064585A3365486C36676F4F456859614869496D4B6B704F556C5A61586D4A6D616F714F6B7061616E714B6D7173724F3074626133754C6D367773504578636248794D6E4B3074505531646258324E6E613475506B3565626E364F6E7138765030396662332B506E362F396F4144414D42414149524178454150774435616F6F6F6F414B4B4B4B41413961304C5732696C6A6A6B383379354B7A7574656866434C5137627842346F734C4B2F6A3832316B387A7A493636634C533972554D71745832564D345357326B6A5038417A307146546976726E567667313461767257574F31696C735A6638416E72464C357465412B5050436C31345531535378767A464A356B666D7853786638744971317134582F6E305A557356633453696969754536676F6F6F6F414B4B4B4B414369696967416F6F6F6F41536E416E74534265635630756E2B476269555253585837754B57756D6C68616C582B455A564B744F6C2F464F5A69465734725757542F4146555573763841327A72753950304F79693438767A662B6D6C644242705563662B7369342F35355637754634637131663470356C584F61564938776A30532B6C2F355A31622F34526E55762B655A2F372B56365235555555582B717168647979532F3675765166447548703037746E4B73367156547A6166534C36502F57783155654F57492F765935423961375337696C72506C394A663956586A56737370302F345A36644C48334F567A52577464324D63674D6B583775542F6E6C575938546F635078586C31634C556F6E6454712B3047555555567A444369696967416F6F6F6F414B4B4B4B41454665746673362F7744492F57482F4146796C7279555636742B7A762F795553772F3635532F2B69713763442F455A6C6966345A39595638352F744E65582F41473770582F544B3172364D7235752F61622F35474C542F415072782F7744617374656763464C2B4B654630555556345236676C6177736F782F7A31724A72626B387A393146462F726638417272585668665A663876544B6F565A624C2F6E6D542F33377148374E4A57722F41475071307632575157307373567A2F414B72797633745662753176624879767455563146356E2F4144316970653170422B394D2F77437A53663841504F6F764A6B7131356B6B582B74715747352F375A552F5A55782F76436752514469746F474F542F41467363636C5A6C726153584E7A4646446E7A5A4A424848537130765A437056626E725877583844526176464E726D736B783666484A355674482F7A316C72306A555041467A4635307373763732542F414A5A567436645A523266694C5266433971542F4147666F64746D58792F38416C724C586136726452785266397371397A4356716D4632504778587373562B3950454E503051747168696D6A2F77425658534477784635586D7978532F76613662776261785336706479792F36714B7457376C6975526478663838764B2F35612F774462577654713570553972374934615746704F6B65536133706B55582B716938723937575671466A48485932766C532F765A6137767850612B625958666B2F765A597633766C56356A6633786B3062554A5976336B566A4C464C3576384130796C2F6456366E317239306371776C5832706D79785266387461774E5174504C6C2F365A56616C7670522B372F355A53316375592F4D38485233336C2F36752B2B792B5A2F3279727A4D5656705654304B4E4B7053334F59717264526562462F77424E6F71315A6F764D746F704B7A2F774456537853563439576B656C53716D414F4B4B74616A4835567A4B4B71563464576E374B7059394D576969697368685235556C46486D31596962795A502B65636C4A35556C45567A4A48562B485535613270557164556A39345A67487658717637504567692B49326E6954704A484B5038417946584852587476496633305555762F4147797133462F5A70367847502F726C586668634C66384135656E4C567136483270587A562B30312F77416A5A702F2F414634662B315A61786443385258326D7878526166726D71577355662F4C4C7A664E696F3854472F38585855567A71757066615A6F6F2F4B692F646638737137767146582F6C3063767461564B7165566B6E76545258543668345A6C746F705A493559726B5266367A7971356E484A46654869634A5677727455505470566164622B454A442F726131316B695336696B756F354A496F7066337355645A4D58336F2F7257784262777A337355467863513238556B6E2B736B6154793471782F35646D6830304D4E6D3864764A465A656441424C464A2B37697553662B656B762F41437A2F414F32663072574D766B61584D6B456F746253362B30573073666C584D5565664D3959764E696B2F316638416E46594A30665450734563734E784663672F367A374E6678526638416B4B583937565335734C4F324E716B7439634A4C4C48764B522B56636675764C36356A6C342F36356D6B4272616E717356774C627A3736485654477377456A335250377A65664D6B2F77424969367966764A52327A494D2F764B574F434B3530765445454E735A764E546B47326C4139656E6C2B57504D6B2F7742564A574C44706D6D58486C694878444645504D6B6A2F774250747059764C2F36612F75764E71435853635738567846655756774F754935664C6B543933356E2F4C5474554449504B387157614C39372F7261312F685262666276694A3465696C2F356158305838363532772F31557464523848706F376634702B485A5A6639554C334664502F5073792F774366703750385074546C7676466D72583073766D79797931324D4D747A4C4664793356744C46462B36696938332F414A612F383961386C3843584D6C72346E756F706633666C795331362F726C3135747035586D2B563574665656614F744A6E7A496E7734756F35622F4146442F414B5A56636D6974624731387654346F725747583937355555586C667661346E345133502B6C6168464C2F725A5936366256706639466F7130663841616D61557176376F382F38414550694735697559726D316C3871574B582F57317A66697332312F34582F746653342F734D736C7A464471566A482B36696B2F35355331663171786975704A704C572B7462627A4A50336B56314C2F71762B75565A65733273582F43485863576A616E48665178334D6431637865563555766C2F38396132782F73765A4477687A4670464666655646356B56744C462F79316C2F315574614F764A63326E683631735935495A64506975664E3832326C6A6C2F65317963307461396B4A6266776E71456B6E2B71755A496F6F6F7638417072584437582F6C30647970454B2F3867663841376131556E6A387578387A2F414A365356623069534F50796F37722F4149395A4B7A2F45583771356C746F76395646575657722B363971464C2B4A597864542F414E616E30716D61304C2F2F414673565A35727773562F4650586F2F7768614B4B4B356868525252514155555555414A6A4657784C4A2F7979716578307935756A39777046366D7576306E513761326C69383339354C2F30307230384C674B74553563566971564979744B302B39766639564835636638417A307275644F304B4B4B4C39374C4C4C2F774369714C542F414B5A5671773139316863727055715238786938777131694F386A6A6C3079614F4F506E797066335665542B494E49756444753437656639364A596F356F7049756B6B64657730373468614E4666664137537453504E3370467A396C2F774332586D79313433456546702B7A397164575334722F414A64487A2F48556B736E6D79564E46633471583754484C2F72612B55396B665246436B725768697470662B575656622B4B4B4B55787864714B3246396B4371584B6C4646466378715772512B57616D30572F4E68724E72657839595A664D7143307174585437557950612F47492F736A3469586373502F41423633336C5863636E2F58583937585533586961574B312F77424569696C38324B574B587A662B6D7463464A6653654A666837703936592F4D7639442F305357582F706C2F79792F774461745157757366364E2B386B697236764B38565372552F5A565435374630616E745033523048672F572F7743793965696C2F774258442F7A7A723050784E716B63555837722F6C7258686D715866326154375245664D4662612B496265367359764D6B506D78313355716C50327436707931614E52307442757433336D31513850367846706D7153793355586D326B7355735573582F50574B732B37765935502B576B565A55736C63574B78587461703359576C37493170644A3032542F56616E35522F353579785656312B57534B3374624C2F5752526638746638416E7057524C35745739566C3879574B322F774365566346577253396B6436706B734D666D3330556E373379717A37755837566653792F38415057577263313135576C6E39372B396C6C2F31565971755551534472584C6971762F4C6F36615649687535504D6C6C4E52436B6F4665525566744470466F6F6F7249595555555541537857736B6C62576E5773635837332F414673315A6C744E577A61484E6576684B564D346131536F6174704C577244574C61533171513139506861703431553172535872577244574A44307256744A6139366B654E564E43756830372F695A2F43487835706B73586D2F5A66394B2F39712F3841744B7561687270666878463575753672706E2B74693150523559764C2F77436D7465546E394C3275464F724B71763841744A346450613266326553356930307852342F3643636376482F3779714670714668424943326A3273347830755A5A662B656E2F41457A6B6A724C3143316B74627157326D346C696B3871537571757457516E544448714E776A577952482F5272614F4A497869504A482F54546A72394B2F50443755777275346A6536692B79326472626C503366376F79482F7742474771562F2F7249762B7564584E557568645863662B6C58647A46482B36456C782F774138367058503779574B747638416C305A6C54386150787133354D6638417A306A2F414F2F6C474C6173765A476732424D78792F53713359316F2F6159347639564657644A336F716B55395476506862716437706D7133636B50325753306B745A49727237562F71764B725958776C70326F79585839696173392F6452447A667370692B7A53797866394D7638416E70574C593345576D2B44345A5A62614735467A71556F6C696551346B6A696969342F642F7744585773574857626D4C564972364B57587A5970664E692F652B62355664314B72374979715533554F74385165474E4F61366874744A3145786B6E467839706B2F6452782F387370664E2F774365585370523448306D342F35416E694348574A59763962612F5A5A62615879762B6D582F50576F2F464E3744703273367263545738647A61585639356F745A4A4A497633586C2B62462F717A2F414E4E61346864556C4770783373636B766D78792B5A486D547054712F75716F5576345A325069487763746C596936735A6A4E434A414A662B6D516B2F7742564C2F31796C726C356261577869387A2F414A5A5331363350597836764E714D6C2F7163576D61564A6252582F414A666C65624C2F414B562B3938722F414C2B31696E2F6844626239354B392F6666764A4A664B6C6C6969692F77444956643331553566616E6D637376373339315871326D7957506748773561616E4E59327439346C3150393762525855586D785773582F505775623166784C6F736C7162625376443172612B5A2F79312F356131552B494E394A71666949334E7435636B4D6472466A79762B65645A65794E663467613134686C38532B6242716C686157312F49664E696C746F764B72695A4F766C6975776D69696B306531314B4C39333555766C5378566A61546F64317265715357326E7853536E7A502B57645A59716C564E6156517736414458512B4A6644736D695852696C6B3877317A34795478586D314B547075315131705650613630784B4B4B4B794E416F6F6F6F416D7454577061533169525671777931366545716E4C5770334E75306C78577246574C613171326B7466525957716550564E574B7457306C724B744A6174777931394653716E6C31546167504664423443757673766A72525A662B656C7A35582F66324B755A686C713362335832613674626E2F6E6C6378532F2B52616A483076615571694F62432F75717078337843384F2B563439312B78746253357570597233506D526638382F4C387971467A59574D576D322B37534934684A2B3845747A71586C7965582F317A3766367975362F6146736257322B4A6431633366324B5558326D78544A4A6365622F725039582F79792B6C656644554C4B4C53343459354E506A4D66377A79347449696C387A2F74724C2B39723876716E33564C2B475A50696130697462364C374C4659786953507A50384152626E37542B7459647A306A725838537A4336314B5335506B2F76542F77417372614B316A2F373952566D5858656A2F414A646756714B4B4B7A4E516F3832696972456452707475392F34657534307A4C4C59796661764B2F77436D5750336E394B3579757838426D774D642F774364637857756F6638414C744C4C2F716F3632354E396A6469556A77376258586535682F65662B51363958367237576B632F74665A474C34336C467A71737355455A3357317462517A442F7070464549704B3433427273767374744C7A2F4147392B392F317637332F6E72577244464446443573557668324F377A2F78382F76664E2F77432F662B71725372674B74557A2B736A6461383355356450746F704A592F4B73597258796F7639624C4C464655643364324F6D54523238766C584A696A38723744596636722F414C61792F77444C57715975354C57316C6A6975664E387A2F5779323058377A2F76375336686F64395A522B584E46396C4D74743576384172504D6B6C7276396C2F7A364D66384172365179366E4C645A7434685957496B2F77435763555646704C355639464C35586C6676664B75596F717A35596F34376639373557664B726131573238322B696938324B4B5735746F705A5A662B65565A55674C656B32463134683872772F70635837324F3538325757582F4146555665767757756D2F443777373556703555756F532F3874662B57737374633334643854614A3461384F525261563573756F53532F3632574C79764E6C727A2F572F45387570582F3732547A496F2F77447070585453396E532F696E4C563972562F64556A4C3864366E4C66587153792F363253547A613432747A784C484A4A4C356F2F31565A4E6E48484A2F7244697644782F3733456E7159583931534966776F2F43744B5054504D2F7742584A556E396A79566C3951716D6E316D6D5A56464646634A714A36316F576B745A2F725675306B785854534D717074576C61454E5A64724A57686179563946686170343956477A444C577244574C445772444C3172364C43315479367072576B74573544356C744C482F7741745A49367A375872562B477654716E6D624D6D2B4F356C3158775434463853576E37763841306157306C6B48722F6D4B577648704A4E57756249792F36624C44484835516B6A6A2F642B562F6D50394B39313854782F6176326635764B38337A644831502F414C3966766638413762586959314B336561475736697537324F4C2F414A36334A2F31582F50502F414C39312B57596D6E374B6F666459577237576B5A7435397633572F323737522F716F2F4C387A662F7138667538653370565337713571303974637A782F5A4C65533269696A387679354A504E716E71482B7169724F6C2F434E5372525252584D616852525251417362346B72366F506862536645486A76535A56736258374272476879537866752F77446C723556664B3051336D76657668786F5775584F6C2B464C364C584C71786C6C76706253786938722F414655582F4C57753344564F6879346F6B69384B36624C384472753969696A2F414C517474532F65792B562B39727474442B48476B3233784D30434F36696A6C682F7350375635586C2F38414C574C79762F6A7463707057686133632B48664855555774792F594E4D75705A5A626279762B506D5769434C784266585867612B3154784A64665A64583832316A6C692F3173582F4145797230585433314F5A467A785A4670746C384B39626A38754B4F622B334A664B2F6466394E61382F3841474F75793635716C334C612B624C44396D38727A61362F572F44466C61365A343774705A5A626E56644875597059705A5A6638416C6C584461336366627062434C54496F726D573574764A6A696972656A374C325838557A526B326C6A4C633330566A61522F6172712B69696969723137345A2B48624B4C346952574F7165564B62474C37564A4C4A462F724A6638416E6C5662777A6F567438504E4D2B3361704C464C7256314835586C66383871337668525A66626644766972784A4C2B39757A35766C5331704B6E616A714B72564F412B4A6B5674716669472F2F73754F4B4B316B6C2F31555556655751704A613352696B2F774262484A587032687978532B49347261582F414656637238514E476B30322F6D2F642F7743726B387174736652537065307047574571762B46564D7255592F4E747061352B4B75673075534F534D3572466D683875366C6A2F35353135474B702F7771703334582F6E305839446B3875574B756B2B79793179316E2F7839477530723063742F6848486A503468357452525258797837516E725573465265744C463172536B49314961317253577357316B7256744A6356374745716E6D31556256704C5772615669777956715179313950684B70343155316F613159756C596B4D7461304E653753504C716E596548592F37532B48586A2F5352782F6F5032714B502F746C2F3971723533747247786C746F5A5A4C36547A70503962484862655A356466512F77793538592F5A7066337632367875725879712B66723033326B36686436614A4A497A62584A486C4A4A783573636D4B2F4F73357065797852395A6C565839305A747A4646464E356355736B762F624C79714C372F56314C4A4E633330336D3363733073762F5057512B62554E2F384136714B754B6C2F434F2F384135654643696969754531436969697245644A34496A7370645A696A31442F56563733702F67627842706C31702B7065444E62744E547462475757573174705A6639563574664E6D6D57386C3564527878637931363971506872562F437567785831317263554D306E2B7174662B5774657A67623161646A7A73562F454E7130306A346B6548783467696930324C7974586C38323572426C3850654E526F576E327373663261303032353832326C387A2F414A61317A30586A72553550336431632B622F32316C714B58574E52314F574B32696A4D7376384131313832753269734D5A5650616B75755776694335316D376B6B76764E3154557066336B56724A35766D3136566F666832782B4765672F6274513871363171352F774449565461485957587734384F2F3276716E373356626E2F56563566346831692B38515838317A6453792F7650382B5654396C2B3839714C327457722B364B6E6A44784C63367864532F764A5A4A4A4B39342B432F6C2F774443687465782F72503332612B5A39516A4D5A352F6431394B2F41305A2B436669442F726E4C2F77436971343639537237533158792F4D4B7638493846753737374E346D2F356131364A38514C482B3239437462346638744976336E2F5857764C2F41425A462F7741546D57765676424E782F6266672B61326C2F774264462B39697231634E562F65314B56553563562B36705571783431704938713538732F36324F576F74576A3876557061312F454E714C4856664D2F355A79566E61314A6D2F2F6466383836386A4655765A55765A487130716E7466337149496639624658562F77427032332F507A58464353574B512F752F395A55663236342F35366D735959376B566A536548353363686F6F6F727954704369696967433161793171326B74596B4D707257744A6139504356546C71306A61687251744B7972537443307236664331547871707451793171326B74597470576861533137744B716550564F70384B5848326678566F4C6E2F6C6E6652563535386337482B79506962726474464835555573766D785631596C3872793559763962455970762B2F56552F32714C614D2B4F6244556F70504D6A76744E696C2F6E58793345612F6658505A795538622B30792F384150536F6130744B743437752F68696E6C3871475354456B74642F4C38504E496C68686B3072784E615379792F387370663356665030734C56716E753161744B6B655830563644702F7733314B56627553366D7472573174543555747A4C4A7835762F504B7562312F515A4E4B75635353655A464A2F713566576C3956712B79397143784E4E75794D527A5669474B57356B38754C39374C4C55512F656D765550687034486B314F354D74312B3668692F316B6E2F41447A6F7775472B733141784F4A39696A71766854345673744A735A746331714F4C796F76395635762F5057764E6669423476756645327354584573736F69387A3931462F7741383471367234722B4D4970496F744530627A5972534B764C394F735A623658793471395045314E6671314934634C532F356531524E4E734A627958596E5776665043656B61623443304F4C584E662F655863763841783752663874617A2F422B69365434583077367834686A694A4D662B6A526638396138363865654C3772784E716B7373736E37722F6C6C462F77413871616F303842542F41487044645446314C4C595A347738575850694855356271376C6C63475469502F6E6E48365673654874487674593065612B734C622F5262582F572F76613831353731372F7744733733503233522F45756B6E2F4146737474356F2F375A316A6863583753702B394C78564A55715768356671486C2B623563763771574B76662F77426D75543764344A312B782F365A3134463435747049726D4F5139492F335665302F736D33586D582B6F57556E2F414330745A442F35467254476675716C576B5A322F6333504666474D666C36345A5038416E70585166434C552F733271665A705A503355763771716E7857742F735069476150792F39586379317A2B683350326257497049762B576C62564B71703434505A6531777033587852307A79355A5A496F2F3841707248586C38306E6D53785637313472692F7466527253392F7743656B582F373276444E58692B7A616E4C482F77424E614D3570663876525A56562F356445476F6638414C4B7336744855502B57565A3165446A50346836734E683146464659466852525251416B50577443306C36316E39367432736E57756E436D56553643306C72567335617862575772384D6C6654345771654E564E75307251682F31745A554D6C61454D6C6537684B70343955314942356B586C663839617A506A626552332B6C65454A6750336B4F6D6555662B3255706A2F705770444C2F414B71754D3861706633747A6A4D636B4E6C2F7134682F797A3833393758427848523972533971642B532F78546C6244537237555A5A50734E744C636D503841353578357266302F773965785839724C6479783256724C4A46357373636E2B716A72735A727179384A2B436F7243306C6A6C7637364B4F612B6B6935387764596F71796642547836726433647871736B73647046306D6C696C6C696A6B2F36612B58587A314C43302F77446C372F46505A645770304F7038656137484E61326C6A3461747062587733592F367239312F726638417072584B5863555773615035586D78525332762B712F366131304F725257327065624648346C74664B2F36397059717465453761323850532F61597233527271362F355A5333506D2F75762F41434658722B792F3564556A792F6166387654697444384B583168665253612F62585668464C2F71355A597137547833347773644830482B784E416C2F64532F3632574C2F6C70586166323546665378573855756C3356314A2F7262362B75662F52582F414479726950694C384F5A4A4C6B334F6E795266752F384157786562356C59657A396C687659306871723761723757736553326C724C7156336779484D6E2B736B723133525044316A3451307550552F456B662B746A2F3061322F35363076677652744A3047796D3162565A59764B692F774357526B2F3561313531343738583350696255355A4A5A4A66492F774357556463332B34552F6131663468302F372F5674542F6845586A48784E632B49622B57575753582F726E584B455970796A42717A4259334D332B727435582F437649713161754B7148715531546F303745474B39522F5A37317950522F48385564334A6930755970497061347131384B6176632F366D326C7263306A777A714F6A337356354C4A62526D50384136615631596241596C31444C45346D6C374D33666974707632625539566A482F41443172642F5A53766F726278764C464C2F7931686B2F6C57643479316579314C796674636B586D787865564A574C38486236505450694270386B637637715358486D563657506F3371575A775957722F7378732F48324C50696A56664B2F35362B62586C6470636D4B5747582F6C72484C58725078586C6A7674597571386D387157326C2F65787978785366394D3635387A70657971556A5441566661306A326E777A66523333684F3673762B5773583732502F726C2F7931727A44786A626556665253663841505375673850584D747447664B6B2F355A2F38416B4B73627871385A6974762B6574656E6A313758416E466846374C46484D61682F7741733671564E4C4C3567692F365A314469766B5A79353363392B4777556331504846567147326A50574D314E4B6C37556831545079614D6D7472374E482F414D387150734D662F504B757236705646395A4D53705971312F37506A2F3535564A4659522F3841504B74615746716D6631716B52576C62566D617266325A482F77413836542B7A552F35356D76597055717449346174576C564E71477443475775522F7336332F414F65662F6B53716C315A4A48464C4A456E2B7272702B763161526C3955705654306D4735692F3536785266397461354478764C476454696B696C696C486C56794D557A47746E545A5A4C61627A62475578792F394E4B356175615663777065794E61575872436676556142767236356C74596F62474B4B36692F365A6636327568302F56376E54626256744D76624732747064583872742B362F3174636E7139397131393555747A6D5879762B57736457394F7659343755533356775A6271502F56522B5A2F71717A7066785471712F77414D367550534C5853504238747A716355636D7158556B67692F365A565A3158777A4C59364E2F7135593951696C2F77424A692F365A66387371342B37385179792B5662585837324B32692F6465562F7A31725138512B4F6453315058667474314635586D786556355555666C56705378574770484B384C565A7977317939696B4F5A44482F414E4D36375877703852704C592B567163684D4E594C52585674616E37647074763563736E37755351655635636C5361315933306E32574C5550374C6A38332F4146647A4635582F414C53726C39726961582F4C30327130734E564C2F774152745474626D47312F73755839314C2F7249713837556C546D756748682B547A764B75726D3174762B656373736E377557736D37696B74726D574B547938783177342B725671315061315470776C4B6E52702B79523250672F516F72694C7A586A6A756271543937355A6B2F645730582F4144316C72744C4F3474374B786D765A496F6A6178532B56464C4A2F79316C727A485266454E78704E6A714674614A2F78394479705A502B6D6670577A345A317933754E54302B50566638416A3074762B5764657A6C2B595571564C32564934635868616C562B304F76744C48784C34676C69387158374444632F36727A6633586D317444346361624646357571616E39706C6A2F77426235556C527961784A4C4661792F61544664366E2B39755A662B6555582F4C4B4B4B754A3857654A70664D6969745A49764B692F315556644E583266732F6131547A2F33745772374B6B64554E48384C57332B71387158797169457569526638414872464C2B362F35612B56586D734D757058332F41433879783161476853792F3632356C6C72576A697638416E31534E6175462F352B3154713956316E534A5039624C4C4C2F3231726B4E66316D32754C6357397235736C5776384168486F2F2B65762F414A436F476A57386653537562466657617072522B7255746A46734E543147326A4D6355666D526538644A6466617236587A6271756C467462526471787451314B4E503363496A502F584F75437253396C532F653154717056766131503356497737755079356633582F4C537164543363766D796D536F4B38536535364D4E69587A6E39617347346B39614B4B376152424E396F6B39616639716C2F765555556A4D5437564C7A38315366326A63663368525257314943622B31626E2F592F37356F2F7457352F32502B2B614B4B3654496164536D412B37462F33774B62633355733055336D484E464646582B45464D7854563230592B5A5252586A30763470326E546153787A562F7744732B33766639656D6670525258316C482B4565502F414D76546E4E517434394D757639474766392F6D7232712B4962322F744A494C6E79576A747A2B364154376E306F6F7278734C2F414171703254334D4C2B316231724F5342726D526F6A324A714A517A487954492B7A307A5252584E554F6731494C4B4B552F4F5850343175783666624B4F497852525856675034707931534C7845504930323445507968694D347269505769697363312F696D75452F6847676455765A493033334D68386E376E505371506D4E767A6D6969737170736939466454512F3674794B642F6156312F7A304E4646616D4B452B3358482F4144304E56767474782F7A314E46464655716D4E383257622F57537566787145555556356C5533466F6F6F724D5A2F2F32513D3D, 'a:0:{}', NULL, 'a:1:{i:1;i:2;}', '2018-10-24 21:18:41', '2018-10-24 21:18:41' ),
( '7', 'hahahiiii', '$2y$10$QJpxnsuNx3pP/lLAiFOrb.2lcP2LjnnxeQMDdKxg6AIsfTKlw2Hw6', 'hehihi', NULL, 0x6956424F5277304B47676F414141414E53556845556741414152494141414479434159414141434242456F564141414141584E535230494172733463365141414141526E51553142414143786A777638595155414141414A6345685A637741414473514141413745415A557244687341414265625355524256486865375A304A6A697A4A635553487641423143517167376E3857435A4175495A3167394931736B3379637365385261513849644864564C724734762F544D71766E7A7039392B2B2B333358303049495A7235383839504959526F52694952516E516A6B5167687570464968424464534352436947346B456946454E784B4A454B49626955514930593145496F546F52694952516E516A6B5167687570464968424464534352436947346B456946454E784B4A454B4962696551682F76302F2F2F766E4E79485749704538784C2F39363739494A6D494C2B6866536842446471434A354546556C596A57715349515133616769655252564A57496C716B68454569736B504D77466549322F4377456B45764633576973594355554133646F3853713059576F576757796742564A453841684E36644956514B6770375875796A5375566253435162795356705454497965582F2F2F6666662F76516E4C4F732F672F64537850596A716635366B51444A354474494A41764A696350534B684551456B4A4F496A4669636F6D4E6866316D6E3062514B30417848346C6B415455434153304A474A4E497130424368424C576A323255534572374C596D63675551796B5A554349556773764D6166732F414A624D654B636644766B6A4831396C4D793259382B745A6B416B716847496B693245524B787A4A5149775048744F567247344938683771564B4A46723450437345347545566558595645734C48424D61444F59694E6939757637716559533957744452622F502F37726633372B2B67634D474162475638764D576F486B5343576A7863373743636E4A3965643863417A342B32392F2F63766666352F42562B5075464970466B6B7155336743355051684B4A56496968686951424F66704247476B734F747068544A544A684C4A586F34515359686241714E45496A30434161654C493052494A75544C3866497158534B5A5761706154677953456F47414C307245777257726B596D396653364E4D596C6B4C395766326D42683263444B42555253375534734A45534A5243435172307645556A73587464752F4E46633363735848763134672F48746C38497753534F3434484E504B736333456A73504F6933396F4C2B366D5343537877456331736A76676358363257597753434968745A38637763797737694930484D7046513371446F47516D54774E3676746B706B6C6E7843415A6C4B37424A4B42414A617A2F4F614D484C774E746A50713430727269506D4E4252334B5662655A6F732F306E787263314953784B357143455332576B7232695655584D54426E7474304B456A6257556E444D66733547565355337A2B6E7456496E6B78444B307445383155696D5653416F72444C595A354A4A334A4A524661467A32397861776A6966476C796A6A696F65746F306C4A7055636950726C324D554D755669416576465A3654753666456E464E6C53664F344771526A4C6943575847305349544A46557177484C7A437334326970533870304C66634D66462B365268344C416E6A485A61495A4853696746466C4D494F3556694A496870614535567967385269747835714E3757634A32413762372B54456566774379796F5342746C4A4331306A4566764A5163735961704E794E2B78726258394C742B6432716B726559496C49526966506947716B4A6F4168455635706138646942634A392B54755032554E74663070676633747047562F70523733694C4A5A564A434F535A67613561675443596439726B34734A47647350723538304C7841302B3777436E6F645374334D7437674B726C6F30616D327974567777474B494931644978527A7A784B594F446D4A4E4A6169645475737A4A355932442B4D532B596B354656515735736E437543382F763171653250503661597A2F4A6E4A41424279376161476F6D51576F6C672B357039374E7A73594D63364544745075545552353149746B7446427431496F4D79554345614468324473547378565749304B30674D74674E6C4E38674C5757766A31583352464233694B534569675153387363345467316C6377494B44324B704856745935534D695848424F625472314471505969314646516B586469666F5130382F6248436D794155754B79693255524A356C5A4C624E6F726D68446754625252564A474255737669725434785A515A553662346C454C4F6A6A61496C67666C5A564A5279504863634D435A614D796361466C58354C66334C6945754D70666B61792B6D714249417131586179517945723865456A73645346534646636B594654696C46596C4937425874785335736469724E786774455876564C726D4339324B4634615534576F696C342F4756425072553068642F484447665A522F2F576868557136756356717845454E796A4A66493674564C303879764F70306F6B7479512B695655506E705149764551386F7953435A4F4F563150342B41332F376F735156765652584A46596D50694272754B457157535752455034712F6F5679336361453548595857323574566B42427456596A4F795469356245536A4A4D4E3068725A785073306959524A436C367353757959576951535371625778754E68727668334C2B7A2F716E6E333478487638577846556B4A4943446B7859682B62474B453267316E485A525543494530494B3956793550615A4E5134792B2F676944476139755A3632562B756555702B4C6E37734E4B63556D526F70596E2B3174545174496E70714139736C6D345846533237534359324F4F4D4537384C466E446B6E48462B6C6F796C7437786C7652506A4F6549696F5242303571344D306A314266314E4E57357A4536567A6E787458367632534F65453245734A6464496E45426C2F5073354964704B362B654138426A617330667671324370744D4D78494C59384561636B773452383935556E504459362B635037474F593536524D4D423671784C7558337562464571676E747531586E782F5A6965676E53386D6657684F415072692B794E42664A74756B597973536B624A70415762434B6B6B476B306F416632355A796170503759584D4F63694E422F596C79304639353035447247583452584A44544C5A57576E6B73416D374D7645774A3541493568302F325378574B71466D3861394C496D387A524351374B6F67513749645067466F59394434356173467866414C784E662B65547A6F302F4732336D51326644646E3178467979507A6B34426F364432483339652B494E706A776A75666B574236442F6C46456F4D577068496F615330522B66322B43313050597277486B783935782F7269664845477557304F73377879546D4D6B776B6F354F654162644C4A7342574E72307938595145776A47666B48413450385A76685A4B44592F4239353168336A306E4D59307046416E717245724172384F777A6C4A457959554C5A342F6A45367A334853506A63424D333376615366334E365055627A48554A484D7142345167447571456E744F4C7850665175533243776B453762536B67307A34374D543244542F7432454C4E62692F655A6C70464D7072564D6B4543654A6C596F566843535253436965575443397548586A38644F35355157303173337356384D5050445639776D6E4C314E36414642456B746B6773545062514E712B7354674442325878776B4663433652374434376B75356B4F44653138784A614237474761796F53424E574F577879636C2B646D3833416232334C55624376453655775269553232455139644C54746B416D7A695579693441756F714B4D5445696D5247777650717655736D78456F466A554A4A4E5346655A736D747A6569714A4D524F75586978684A6F514C7A4E564A4339584A534B4D71724276737578683638697152444B3541386E6B4F30775869553332553254436675446E697475754C2B46763557706C777533744D5571517450617972434B5A5357396C41706D6B41684876325362532B446E797374596333676B76457147325243537A71354A5A65484677306B513971767A4F682F456461796D575653537A6E6D666B4268676A6431583037376565353274773376684E5950363033774C57584F3642516F69314872447179316256667331383146666E69512F674842436233525A2F32386E453866412B4264673730562B416134433551675669353768454A48622F57726A766C786B526F36325634394A6E4A4C59716D565871326E506B61506C76626B515A6F5856495355546B7764796C57672F4978353663664F4A68713664474A694873684A5A574F46386E5645316F37747277676D43625161394179484B527A4B704B2F455333796954554A78356256556D596B455438657553716B6441787842776F6A354835743655696D536D5430717467614C745158336A377777435854503549536743594F37615A614533797A4A4348355968626D3947446F79527171684C7359376648337A34424A4A4D2F556C7046594C76634E694A4F54377A4E6C49646C6D306861627A315332416B726C556E7431644C4B354B744373574D764555534A6149426B4D343556416946624B354A5A747A6A41486A736D6B39513555344B784166386C6F6669784B76486E672F6D756D65665641694648334E71514752505163707454416862334B30494A4357535552486A63556366374B7273455172614C784364343632543054434B724430716E68706851624F4C6469682F48534947496365775543446D6949756D5253573562534B4B6B4B716C395675494A4A646D74516C6B6C454A3544636D6F4473582B43524D4252747A613163424A506B516C6730746E6B59474C61354477523330632F446E454F707769454947714F6952522F6135464B374E5245556859346E6A30476B36546D50434E49435752336F6F623674714A50504F2B496336586D393062736E474273666F354F6B77673471694970766355706E556776694A4B715A41594942445950416F567442665A382F707978506F37476E6A66574678486D52496B41724E3738794B6B6B56544755544352464555734B427130397A2B79714A455A704172556B654D6D7856346A446B2B7458625A39656B3541645038624776302B56434C6A7147556D4E524C794D4C467959315A564A435053464C51554371726146734F664C6E584D47374A6676682B314C724F2F69584C426936364F70674A51495575537145634A67506145714B61456C75584A7A73426F726B52536C3234455870654F6C69723950726B62417352584A3747714269325850632F4A696F622B313753527145703539787A347669754A467276373431314E616A524275643849747A6C656F585273416D554479766F6C7A4F466F6B4F784A634154716531716F694A3530767264584A743933672B49716B5643613131596A486E6B63794751636C30726F7533412F72732B50434973713434745A6D6467445A5942586A38424C427A356271704656437233467956664C554D354965764578556C59796E3952594853505A6E633431495567484539337176584A4C4A4F48707661554A494A762B6F536B3673544B3671534759466B4951786C705245384A6F716B334A363532735631392F613946596A2B4549616A6B475A2B4543565A4F715955596C34766961544737684F4A437543527A4A7059345645784A6C63575A457777666D7A39657630774E3576576D486F716C634F424C4B362F4A61737A754C36577876512B2F434A747A63654B784E564A57464B42594C746C507A7667696934656E564842436554675A574E4656507176612F6A4A594B3169416E44766837627067586668786677632B506E612F64464C5854527655346B766E6F59455A414D787067736375392F4563344A35742F2B446E7A67412F746136503157654F3658534D30645743475331433039383843435652697A6F6F757749686B646A486143556A4C35736B6873346C6F78415074334B686C43372F64672B2F514371626B446F305443504C493552554B7953494556474C65696B2B4867526F73454D4268356A7068497746646C34684D5738323966732B766867392F2B37642F727866667264767A632B506B3638586E6474522F2F6A677A4545767A35767654774659484D5A4C56584B6A73486D4A2F53684236396471746A345456384E644C4345352F617A43416C436B3738367A4B7841756C46796634323134674556384B5A31556A4A4D653032723876454367527A62797552474A6766376D642F5838474D6D506743694F4F537463326869695242534249786D6277694646754657494677724A615A596D39424D746E4846534A424D4B384B32747148714F69584663714E5542363543754C30716752494A7632454C686F357268444A4B6F6D55426E366F4878544B54544B784363387857566C7754436C43633145366A374D4939556E556B5674337A7A57334E6975447731596C4B5447457274425941435152397350506E516B56672F33696E504C76304868734E516871413277484A3837355454414F61745A617A30676370566454624A6561614C7A4842574769327259616632364F4577322F68795269796233763466464C35314F554D6272693952634B6774646A37345734516951497870326B46692F554E7935434369617862614D6F4F545A6653383274443654574C2B4874586A2F52446D4D674A7852564A4145512B4B556D42726C6B354D385775625330464F69726252364F32306F4576314D6973663143594C74636630617A2B6E7866674C4762796F6E6A52564961744475494A5570717771314D754542736F3243797378483775776569734255487873412B745659693469305144374859526861636D366D2F5341582F6243414A6D2B4368684D493236434E75662B776B657A485978415463316D2B586F6957684B6271536565533237425037484273334B443375696E566B6E3237487A35576476394850534943507A52796832443236496C6B52664C32676A7A344241536337522B6C32746142503746664A504D613254636D7A46447448346E345135326732646F3856535532677A674A394B453330326D716835676F41616F3576706441366A786A33435773677A6F557951645044317346595153443555774C6774715779417042457274554B42507341376C4D7278524A77624A356E426A4F504C6549676874474F464D6C4A56304C3042596D655369346D696430476B3876674475334C3130706B597666487558776A2F753853764554774E3172746363533355555579416372426773536B6B4367472F4D785649315969496277496167684A424D79534349374C6334786B786A46464863654A5A46595139314354414462786256565351733074446B48666175634D66574B2F754B2F2F57346761564A454D6F6B51326F53543172316D5A354B715257717841674A554966672F31627A5368632B546D545A7750566E422B394653774970686259634C46434C3266323864694532726B50506845746365753664394D57767668782F594366683773334A7A77505A49515231556B4A775230442B682F4B476C4C6739324F482F7659566B4E7358787A666E38502B4C55517252346E45422F35706C4569684E7A466A2B334E7553706F48782F5448785861396652304A2B684C7165347261376355386A6E7847636E4B41744152384B78524162634C622F66792B364474613754474653484873773159472F4264686B74733573474C4974524138566D7162336142665831337A327A6E2B55787562544B6451472F413943634A39572B65422B2B4534614B2F514D6864694873654C68487774634A6A3056674A6F46454E70343336337744474B753768474A49444A63514B37417035694B473033676E366E356C61694F592B7252454A4F455570766F696F6878416E674F7951743336713258436B53636C4D6935713679495736744B4559526D692F4A3930797546676C41594C306358462B586966682F5A6E797264525458693453384C705376597466304B2B7437347A696645516D52554E374156324A6130374E35546952456766634F5773767A6556596B674E584A4B59476F35783369565A34576955565874667551654F2F68575A4567434E6B495A49496E3379632F2F52626952703452695257486C51656B59662F52466E3778526B495259687A586938534C77384E2F726841796F56416745797355635336707452586E634B564947467774516561726B393676426773684C684F4A72543777732F5142717639486C473131416E5938694D55355730516F78496C6349354C6570494E4D3249675643684B6251746B6846684648776A32665A7836326A6749536756776B4579484B6B55682B5957397A414A2B6253435A436C484731534771656B355243716544594D343476327444747A646D6F49766D42416B4531596F4E574D6845697A7A5569325A6E4D6B6F6B51616136765345596D75663045783650535772774D59722F6E4F31573674646D457843526534704D693856395173365371457245587966646372684A4A4C4C6E3144454F4976656A574A6F486B4A45515A456B6B4133743449496370345269537A626D39556C5A79466E704F6369537153434B704B68436A6E4F70476F517667325776387A55555753514238464331484755794C5278384243744D4E7674375A387778565A64393354713951444E34696B3949466336622F58796F6E566737373976487968734264434732754D365A582F7672435653636E7A7775647562657869695064345565595930326E6A676A7A59537171554B305779537851536C426A4A6951494A555349555A4D6156696B3874414576424844576C49696677686F562F6E64754558684D7A484A7664682F46387976383678636F45676746506967535579455169755A65545A644954497A6549784D4B38304D652F686679666551384F594C45484A4C6C7458344B335064654B5A455243702F34354153465337424448796646363761304E7943306953384955766C7A3044354E5969666A5877636F6745762F4D797570773156707A54505A384E6F3550764C30427A346B6B4A6F2F536F4B4D345975685A79546E4D464D6D75396231524A4B69556E684A4A54434978576864464D746B50316935554A625A79796C726549684A2F6D33583177315A4F4F716956694C674C4A4A42747653425762424E6C514343685A7A5658567953576C6D426F445568564A484D70585A6561697553577454713149736B39364C31654A4B3042307273676B736B34656F5565343861314F56456B4F596D414A7971536C6F4352535062514D2B387669734F5445776C594A5A4D53675A416E5247497044616259597553433158367149356E6B6B546A714F45456B4E514942364E397A49706D4A2F326A594272706B30682F67587853487030516B59495A4D737339426676726D5164386B456B66736579514B386E396D5244436E3576574C6337704C4A4659694B5748452B4A78494D426C3245526A4975532B69675338482F616A416C546A536C497145394B354C614431613175467A496F6E646E7053494A4154336679304A566F67445342352F4A43515345487664676A566A5A6548584C37594F546449495643796645776D7730756756436268644A714F6B4153534F506C4C435346556D4A4A546B6F4858655938667A5343516646496E456353343263584D79435356357A3379585369505972312F74637976747066477954455A4B41306763632F484A48457A616E32313253534F4552504B4C6C305179576877674A512B4A59797849634D7970546654654F5234746A52415379533947694153736C736B4D6151434A3478787171343856306767686B667A6946704873454165515050595371303532535350454A3055437244524F464D6B736151434A347A354F6B6B59496965534833544B524F45514F4C354F54316B30692B57476C53475A4B41306763596A555379512B6A52414B385447614C4136546B495847493255676B503877517959686A785A413478456C3856695267746B78476969516C44694235694A31494A442F6750336269773678524967477478354934784531385769512B4758654B524F49514E794F524746614B524F49514C2F46706B51436273505A7A2B686B7953636C44346841336F3472454D45736B4953514F38524B6646556B6F6B5874466F747356385656556B5268716E354755694D504B5353495272794B5247484969616130346346784A524C794D52474949695554504F595449382B65666E352F45336E614538424B424F4777545176794454347645517A6C5149434D2B755248694330676B685951714546513062454A3847596D6B41337562593656696D78426634504D69475A5873566971326562477743664553716B676D4535494C576B677561454C6369455469514A49442F346E4E36435433596D487A596D4554346D516B6B677043435934326B7042633047616656346765454932662F304945456858773331614E666679622B6E4B61683865635355776D4B383474684555692B53483062646253373546494D4F4C725343512F784B715031692B6C6E535958494D47495755676B503477575351774A5272794948725975426D4A6979344545393230474545616F686336504A6F5248496A6B454B7867304A484B496C596E747863495736674F612B43345379614867457951764676774D4555707174466C34736243462B6F416D336765727242766858345353644E5A7A4573754963357A34334D55536B386D4F766F6735534351476E3879704242306C6C356D79756C45776B737564534351476D387731535168475642517A5A4F4B3555533541676A6B62696354415250624A466B7277306F51736B634E4B6B63516F48632B75684A5A677A6B59694D64534978464F61694D416637775352684B675A6B77547A62535353434B4F534F70574D586C796E6953544544584942457378614A4A49494D3550614A79504F645A4E4D50482F3736312B6969527443676E6B5069535443696F514F5864317646456D496D2B51434A4A672B4A424C486A756F67564B4738544569674D5353594F354249484C75532B45575A31497A704A726B41436561505343534F6E516B6353715962685A4B53517531345367567A53674B4842504D467555676B4158596C4C354D47353739524B723750732F70624B686567366D5546762F33327630773438415351436B39304141414141456C46546B5375516D4343, 'a:0:{}', NULL, 'a:0:{}', '2018-10-24 21:24:53', '2018-10-24 21:24:53' ),
( '8', 'phanthinhutrang111998@gmail.com', '$2y$10$n6SiwrlyBQGozjXaSTTrCeDAAtTYuN4jpr5gUoeVMopVOT0zmjd5O', 'Trang', NULL, NULL, 'a:1:{i:0;i:1;}', NULL, 'a:2:{i:0;i:1;i:1;i:4;}', '2018-12-14 14:26:58', '2018-12-14 20:34:09' ),
( '32', '0xdlunlb@gmail.com', '$2y$10$OpyU.FnBoj48M5cnd./F8uAutDGe42.InCCENuW9OFdLXru/nOnLS', 'Phan Anhvietcr', NULL, NULL, 'a:1:{i:0;i:1;}', NULL, 'a:1:{i:0;i:1;}', '2018-12-18 15:39:15', '2018-12-18 15:39:21' );
-- ---------------------------------------------------------


/*!40101 SET SQL_MODE=@OLD_SQL_MODE */;
/*!40014 SET FOREIGN_KEY_CHECKS=@OLD_FOREIGN_KEY_CHECKS */;
/*!40101 SET CHARACTER_SET_CLIENT=@OLD_CHARACTER_SET_CLIENT */;
/*!40101 SET CHARACTER_SET_RESULTS=@OLD_CHARACTER_SET_RESULTS */;
/*!40101 SET COLLATION_CONNECTION=@OLD_COLLATION_CONNECTION */;
-- ---------------------------------------------------------


